CustomerID,actual_bad,oof_predicted_pd,predicted_class_at_0.50
1,1,0.18275509725267952,0
2,1,0.4108453244362867,0
3,1,0.1346269755453117,0
4,1,0.11758573991341986,0
5,0,0.15883962009182398,0
6,1,0.19735233725621834,0
7,1,0.862844086691925,1
8,1,0.1850009062268054,0
9,1,0.29157384253139845,0
10,1,0.1448010084101719,0
11,1,0.11462493877364943,0
12,1,0.2714487786673199,0
13,1,0.21893413799146005,0
14,0,0.119636290990634,0
15,1,0.24898200875942647,0
16,1,0.09335629727712105,0
17,1,0.9819991391323712,1
18,1,0.02438779106728733,0
19,1,0.22725481632015512,0
20,0,0.14385154193675076,0
21,1,0.2779705030616598,0
22,1,0.18656133750811793,0
23,1,0.24156265548134206,0
24,1,0.4110015808752872,0
25,1,0.3346941569055282,0
26,1,0.24423423495698565,0
27,0,0.12124575935147705,0
28,1,0.1438078511208057,0
29,1,0.2975064708952152,0
30,0,0.0840321818220067,0
31,0,0.06271921224993353,0
32,1,0.9999823826417051,1
33,1,0.6835279002463803,1
34,1,0.2212590968235898,0
35,0,0.12221545101794509,0
36,0,0.12469911789908046,0
37,1,0.5833791811190445,1
38,1,0.15294120514498763,0
39,0,0.15152298653167667,0
40,1,0.337264195690659,0
41,1,0.30314186477213895,0
42,1,0.429377872425871,0
43,1,0.1330779889001546,0
44,1,0.09564623521786147,0
45,1,0.6821258770552568,1
46,1,0.14978291437077362,0
47,1,0.2107510607830525,0
48,1,0.5281522188503375,1
49,0,0.2854689664198745,0
50,0,0.08780728253972671,0
51,1,0.12979092871814263,0
52,0,0.11648542913602955,0
53,0,0.20093914283210218,0
54,1,0.7670655029601163,1
55,1,0.0508628230026053,0
56,1,0.2027914212654517,0
57,0,0.09697623928651801,0
58,1,0.0669744714543146,0
59,1,0.19521628060562657,0
60,1,0.884106570634655,1
61,1,0.1834279795043112,0
62,1,0.10966064806197154,0
63,1,0.15990530317302787,0
64,1,0.11780354344434804,0
65,1,0.2246629119464688,0
66,0,0.10198643423032112,0
67,0,0.38442790687111905,0
68,0,0.12995557989256493,0
69,1,0.848964232491267,1
70,0,0.03596048946118104,0
71,1,0.0985720028998178,0
72,1,0.9113280791125314,1
73,0,0.03947575398710521,0
74,0,0.05910427857082464,0
75,0,0.12255091233143743,0
76,1,0.07340455937679442,0
77,1,0.34679658277452596,0
78,0,0.7161392229047698,1
79,0,0.12194931154945429,0
80,1,0.36014932633766383,0
81,0,0.12514530520520156,0
82,0,0.03875694554354533,0
83,1,0.5037860324406285,1
84,1,0.19048657831698296,0
85,1,0.7204032134322728,1
86,1,0.18872099011316368,0
87,1,0.5526157716855277,1
88,1,0.195584192853819,0
89,1,0.25684346067911773,0
90,1,0.15413167691614382,0
91,1,0.3559433513449102,0
92,0,0.18295340184384176,0
93,0,0.10445247134604879,0
94,0,0.15164376719498499,0
95,0,0.32514201258490044,0
96,1,0.668259324087058,1
97,1,0.29555732749779623,0
98,0,0.18814373872141504,0
99,0,0.29517330523948976,0
100,1,0.1445441277352503,0
101,1,0.7168333356570432,1
102,0,0.5821760282201806,1
103,0,0.04094702619439013,0
104,1,0.2876905148766096,0
105,0,0.13082715880978868,0
106,0,0.3403918900584782,0
107,0,0.21724802185598435,0
108,0,0.038222995525405264,0
109,0,0.129849483696493,0
110,0,0.21917330783295347,0
111,0,0.19206854721414876,0
112,0,0.38628283309675265,0
113,0,0.11462493877364943,0
114,1,0.7946910614445091,1
115,0,0.35880011116422794,0
116,0,0.06639551003307279,0
117,1,0.11870328399030433,0
118,0,0.19064805086091843,0
119,0,0.032485251562964196,0
120,1,0.0872587252790375,0
121,1,0.30758472325608277,0
122,1,0.7678922361580149,1
123,0,0.16853079631797913,0
124,1,0.2452931668824267,0
125,1,0.9067091037523345,1
126,0,0.1266301444518687,0
127,0,0.15315214773744873,0
128,0,0.22336376102171832,0
129,1,0.2483251725071086,0
130,0,0.07029956797275307,0
131,1,0.6306743450832878,1
132,0,0.12370654086776763,0
133,0,0.36754473058048037,0
134,0,0.08695983859371105,0
135,0,0.3699555123807985,0
136,0,0.14290435880680524,0
137,1,0.1416248116565549,0
138,0,0.20963120003149172,0
139,1,0.2505667138277438,0
140,0,0.11758573991341986,0
141,0,0.13157538971001076,0
142,1,0.7427615964208031,1
143,0,0.4926995091151125,0
144,0,0.11189601169786705,0
145,0,0.11002915725041569,0
146,0,0.22768432914552864,0
147,0,0.1835340971384784,0
148,0,0.14425513027295464,0
149,0,0.0559195175178646,0
150,1,0.20896994848608952,0
151,1,0.24182618328848826,0
152,1,0.3340197919306072,0
153,1,0.11462493877364943,0
154,1,0.15530778626830236,0
155,1,0.11648542913602955,0
156,1,0.40381379360262587,0
157,1,0.24464935530868145,0
158,1,0.21778782767454313,0
159,1,0.2064080892924413,0
160,1,0.11462493877364943,0
161,1,0.18555271326422237,0
162,1,0.10210075904191768,0
163,1,0.259399138166146,0
164,1,0.11240588903258408,0
165,1,0.11780354344434804,0
166,1,0.11648542913602955,0
167,0,0.1757063777180142,0
168,0,0.1037344340636281,0
169,0,0.09827467504853067,0
170,0,0.11358455433362533,0
171,0,0.05977408641766269,0
172,0,0.11780354344434804,0
173,0,0.06752146660219452,0
174,0,0.11648542913602955,0
175,0,0.19760114597414852,0
176,1,0.8494096688390117,1
177,0,0.28024134164492925,0
178,0,0.08905753613797619,0
179,1,0.9763215185186456,1
180,1,0.14663868636943753,0
181,1,0.9789139207721793,1
182,1,0.13041090569876604,0
183,1,0.2972381733205655,0
184,1,0.14033159514619664,0
185,1,0.7531713566701377,1
186,1,0.5791825090802234,1
187,0,0.07167670066299897,0
188,1,0.15889921496379497,0
189,0,0.19839895952658818,0
190,0,0.13120744246536453,0
191,0,0.34789318295610433,0
192,1,0.6745299181699478,1
193,0,0.08588392931698242,0
194,0,0.20000227678725438,0
195,0,0.17335190426381467,0
196,0,0.0688940881469355,0
197,0,0.1248443132884709,0
198,1,0.18369402995513667,0
199,0,0.039462146620394815,0
200,0,0.05617470304334615,0
201,0,0.03155956694199456,0
202,1,0.24538409453276763,0
203,0,0.028829016149774924,0
204,1,0.6657140915136318,1
205,1,0.1162699251001428,0
206,0,0.19072849298627162,0
207,0,0.14956606749866708,0
208,0,0.19351182723515434,0
209,0,0.21819255848083122,0
210,0,0.038574761933229756,0
211,0,0.24931690774719587,0
212,0,0.06467954025937507,0
213,0,0.6910350141643072,1
214,1,0.32725545735915557,0
215,0,0.153216579645526,0
216,0,0.113948976055041,0
217,1,0.62686410770402,1
218,0,0.05225262903798223,0
219,0,0.23694685506372684,0
220,1,0.06225471545742343,0
221,0,0.03315440587205018,0
222,0,0.07316843287337069,0
223,1,0.23927058172260315,0
224,0,0.152772686881916,0
225,0,0.17485438729227754,0
226,0,0.1879668685219021,0
227,0,0.08043886117232754,0
228,0,0.0363232674942722,0
229,0,0.03405906136477232,0
230,0,0.2243402730736032,0
231,0,0.24303307993714673,0
232,0,0.0585962597721854,0
233,1,0.16019370264863875,0
234,1,0.1877976872934659,0
235,0,0.06846321950672145,0
236,0,0.10869640711188504,0
237,0,0.22480952392721262,0
238,0,0.05862459886053341,0
239,1,0.21390137148154578,0
240,0,0.20534350514091892,0
241,0,0.2834143310692525,0
242,0,0.11983017966344302,0
243,0,0.21176179541730883,0
244,0,0.04474253701224384,0
245,1,0.6215928092403248,1
246,1,0.11462493877364943,0
247,0,0.1344817231776035,0
248,1,0.8393335205974122,1
249,1,0.22171592207081772,0
250,0,0.07243831803428236,0
251,0,0.07414262410315126,0
252,0,0.05037024645633595,0
253,0,0.38967433015217984,0
254,1,0.23002895156840666,0
255,1,0.3228715899731541,0
256,1,0.48611732201005375,0
257,0,0.2887635549117516,0
258,0,0.3587913556703439,0
259,1,0.10470793239753606,0
260,0,0.03548014913574748,0
261,0,0.05128147503961556,0
262,0,0.043362608965535315,0
263,0,0.18720859750102797,0
264,1,0.2577189558162195,0
265,1,0.3590697801033277,0
266,0,0.06672818160148092,0
267,0,0.1332259248370233,0
268,0,0.17299527588359098,0
269,0,0.06262555118478605,0
270,0,0.03832293639411471,0
271,0,0.15559959074064583,0
272,0,0.05729077998406866,0
273,0,0.2531976713010585,0
274,0,0.6384635737360678,1
275,0,0.10396039909175167,0
276,1,0.17968788567641678,0
277,1,0.1281442535457907,0
278,1,0.14962028476782352,0
279,1,0.24600153758822949,0
280,0,0.20491490537164156,0
281,0,0.2223111118636642,0
282,0,0.07268955701686024,0
283,1,0.223891192596601,0
284,0,0.6322758681448256,1
285,0,0.10887322062278555,0
286,0,0.2491448230825473,0
287,0,0.11105636900053624,0
288,0,0.09481044303714013,0
289,0,0.06626165733558294,0
290,0,0.1398992212866834,0
291,1,0.15583484857070304,0
292,0,0.20259156789753296,0
293,0,0.113405454379574,0
294,0,0.24771039562252486,0
295,0,0.10630198924939822,0
296,1,0.6599074400628099,1
297,0,0.19310473257949767,0
298,1,0.07937589759922212,0
299,0,0.03228247388465936,0
300,0,0.08309478807762422,0
301,1,0.5195030975331436,1
302,0,0.3246005851431396,0
303,0,0.10581261347795584,0
304,1,0.9152811960921313,1
305,0,0.10505494089679784,0
306,0,0.15520992477807044,0
307,1,0.5905865596329584,1
308,1,0.49664622188775465,0
309,1,0.7943781449293472,1
310,1,0.44249426164454875,0
311,1,0.14322044281067764,0
312,1,0.20486304584638168,0
313,1,0.2236349737274749,0
314,1,0.30800419623901665,0
315,1,0.2481419668923364,0
316,1,0.2548860332839258,0
317,0,0.042224744159796254,0
318,0,0.2665706951367378,0
319,0,0.5471345793537478,1
320,0,0.18423177928496337,0
321,0,0.10337746937178575,0
322,0,0.4248047432171195,0
323,0,0.1733311509018062,0
324,0,0.04802356998509201,0
325,1,0.796492656994251,1
326,1,0.5961250178445081,1
327,1,0.9294064291727588,1
328,1,0.5609692383087941,1
329,0,0.11116466090850909,0
330,0,0.03144038714906333,0
331,1,0.06059068976985784,0
332,0,0.07949964274846032,0
333,0,0.8061523934001678,1
334,0,0.11767274409656582,0
335,0,0.1673561839903956,0
336,0,0.11630825877100061,0
337,0,0.05045665178420973,0
338,1,0.12123073205526404,0
339,0,0.07281552937521833,0
340,0,0.2393985825982397,0
341,0,0.023269651693367633,0
342,0,0.06945075849106497,0
343,0,0.08706000440429755,0
344,0,0.0828682362696271,0
345,0,0.1254988902507374,0
346,0,0.16694046373210134,0
347,0,0.11535118764396886,0
348,0,0.09691198878063731,0
349,0,0.09875305738800452,0
350,0,0.10581192237273616,0
351,0,0.045417135108590294,0
352,1,0.21896135038065226,0
353,0,0.06702489739561193,0
354,1,0.22747676207371895,0
355,0,0.33936586226715354,0
356,0,0.20034670038904204,0
357,0,0.39509087356687667,0
358,0,0.07686978621344535,0
359,0,0.038254126962830134,0
360,0,0.0344682095072506,0
361,0,0.027307365988066906,0
362,0,0.21440679276054608,0
363,0,0.1624567705079269,0
364,0,0.12993386818370256,0
365,0,0.26372765115196983,0
366,0,0.20298297238021623,0
367,0,0.04634966996857645,0
368,0,0.0350901091293644,0
369,1,0.1396088403462044,0
370,1,0.4249083593324511,0
371,0,0.10998217435740622,0
372,0,0.057395471479858295,0
373,0,0.5492192698310618,1
374,0,0.8187784883512103,1
375,0,0.09277684271045246,0
376,1,0.9506193559453068,1
377,0,0.41747066583554043,0
378,0,0.6155382914150855,1
379,1,0.5455821136892349,1
380,0,0.041675822239164946,0
381,0,0.06298612330365441,0
382,0,0.18353839060550498,0
383,0,0.38087757512871934,0
384,0,0.09369770860235625,0
385,0,0.05772157556101277,0
386,0,0.20438473970173202,0
387,0,0.16734074485682274,0
388,0,0.17473716673816655,0
389,0,0.10166148650888886,0
390,0,0.07374170668190706,0
391,0,0.09393630229484617,0
392,0,0.2936203251604709,0
393,0,0.15621775540831762,0
394,0,0.6366210498469339,1
395,0,0.1864039261528322,0
396,0,0.07983688757535319,0
397,0,0.03125003218538625,0
398,1,0.19946465978203118,0
399,0,0.09110010110279648,0
400,0,0.31503101203484246,0
401,0,0.048078449221091224,0
402,0,0.08555650369620293,0
403,0,0.11173572528808866,0
404,1,0.9623135815478762,1
405,1,0.4256847537245559,0
406,1,0.0739712131159654,0
407,0,0.19041193683652538,0
408,0,0.05134244153068905,0
409,0,0.08189467744569003,0
410,0,0.24439429670356047,0
411,0,0.07807498386697587,0
412,1,0.019627506040543977,0
413,0,0.041842432901289306,0
414,0,0.06764544949808267,0
415,1,0.9896354198455506,1
416,0,0.345691132037612,0
417,0,0.04295996764921964,0
418,0,0.0547948299445515,0
419,0,0.02611976009679436,0
420,0,0.23293967017407752,0
421,0,0.07315871517485603,0
422,0,0.15257084914846167,0
423,0,0.03835553385451788,0
424,0,0.04055068385923726,0
425,0,0.04353268371810743,0
426,0,0.09028712261162448,0
427,1,0.07958638891664978,0
428,0,0.026971992359862747,0
429,0,0.10014678166020895,0
430,0,0.37247324740132176,0
431,1,0.5500510638790066,1
432,1,0.16583064637932857,0
433,0,0.12248225339046279,0
434,0,0.04278263360772316,0
435,0,0.310673309002384,0
436,0,0.1988970016978862,0
437,0,0.4243965129814085,0
438,1,0.3798709630256851,0
439,0,0.033392215022383376,0
440,0,0.05168134299468263,0
441,0,0.0443669143314441,0
442,0,0.03864425396261865,0
443,0,0.8627529705586651,1
444,0,0.051690345560019446,0
445,0,0.04093514978381678,0
446,0,0.29793394987174765,0
447,0,0.02342823907069359,0
448,1,0.29888069318897975,0
449,0,0.368333185238004,0
450,0,0.044472063170129646,0
451,1,0.4265302887849929,0
452,0,0.19682544941151073,0
453,0,0.2708343538455017,0
454,0,0.17632288791230427,0
455,0,0.11722172895356754,0
456,0,0.03398799778279789,0
457,0,0.2011014551792601,0
458,0,0.0816452040385021,0
459,1,0.16439568678386,0
460,1,0.5309035333545097,1
461,1,0.37220458364580994,0
462,1,0.17300783461726732,0
463,0,0.16500991965965148,0
464,0,0.4631846298524853,0
465,0,0.033708956007450365,0
466,0,0.730038156134468,1
467,0,0.039141554902007304,0
468,0,0.09008522061267735,0
469,0,0.039978390803873796,0
470,0,0.032014358256547144,0
471,0,0.031489195026036275,0
472,0,0.18779121823810346,0
473,0,0.18581629305112032,0
474,0,0.21012591971071445,0
475,0,0.1023057689326383,0
476,0,0.029796239676834212,0
477,0,0.0863222224884366,0
478,0,0.21560213992406826,0
479,0,0.24525909441378443,0
480,1,0.2570906694855239,0
481,1,0.14600033641266946,0
482,1,0.11462493877364943,0
483,1,0.17931125926472066,0
484,1,0.21969969934593767,0
485,1,0.225410871484895,0
486,0,0.09063521004904762,0
487,0,0.15546062854377515,0
488,0,0.059304328950238946,0
489,0,0.07854030962795369,0
490,0,0.11758573991341986,0
491,0,0.08415567911974232,0
492,0,0.24647719044126998,0
493,0,0.5954882119372427,1
494,1,0.8785003209580169,1
495,1,0.4146072303581308,0
496,1,0.9580994340805513,1
497,1,0.16217732249592054,0
498,1,0.12361748557868767,0
499,1,0.16347250255490195,0
500,1,0.10020734779176148,0
501,1,0.3116363892759204,0
502,0,0.2940669335339586,0
503,1,0.16226658507214184,0
504,0,0.03704158807281012,0
505,0,0.08427290567431008,0
506,0,0.05571338974469414,0
507,1,0.21675102666205123,0
508,1,0.5936390395264619,1
509,0,0.26849073890650754,0
510,0,0.14904033081214743,0
511,0,0.1293006326353674,0
512,0,0.08924215744086995,0
513,0,0.4051987612265359,0
514,0,0.06721979423511378,0
515,0,0.21428327784745313,0
516,0,0.2968816623254964,0
517,0,0.159521946751927,0
518,0,0.08343097526219728,0
519,1,0.8533571395271372,1
520,0,0.26845458820327817,0
521,0,0.06721255465620772,0
522,0,0.16472318641972314,0
523,0,0.029087635053010773,0
524,0,0.17708470569827256,0
525,1,0.14233639961273195,0
526,1,0.46339543277192685,0
527,0,0.043793511046100825,0
528,1,0.09042817031763432,0
529,0,0.2495573963921647,0
530,0,0.0675145089354804,0
531,1,0.24931559854262525,0
532,0,0.05704051172462169,0
533,0,0.425385554048952,0
534,1,0.2011712658917971,0
535,1,0.36943685061192266,0
536,1,0.11462493877364943,0
537,1,0.11648542913602955,0
538,0,0.2289278775795157,0
539,0,0.07238199006147764,0
540,0,0.08757893652639845,0
541,0,0.03715495328336643,0
542,0,0.8222706742597164,1
543,0,0.2701864576038921,0
544,0,0.09611747080046122,0
545,0,0.0796968402683105,0
546,1,0.15646434508044335,0
547,0,0.09324801882195326,0
548,0,0.036290748065901844,0
549,0,0.06550592840882423,0
550,0,0.08101562039630006,0
551,0,0.1035913172010168,0
552,0,0.03475500002399344,0
553,0,0.0334600075492667,0
554,0,0.09885514199935301,0
555,0,0.1689555866426339,0
556,1,0.2284750513864531,0
557,0,0.08666104789153534,0
558,0,0.13264753359568765,0
559,0,0.11225873692955335,0
560,1,0.6000965504714368,1
561,0,0.1999322778015354,0
562,1,0.9229999586167764,1
563,0,0.298697498463561,0
564,0,0.20106351568858738,0
565,1,0.09193598837386141,0
566,0,0.19183888297338025,0
567,0,0.03643646674795947,0
568,0,0.28682615624198604,0
569,0,0.27445802036584716,0
570,0,0.20308450562453054,0
571,0,0.025214525161753362,0
572,1,0.3064477989784121,0
573,1,0.1277596846287381,0
574,1,0.14107241176385815,0
575,1,0.1937547141131475,0
576,1,0.1283305468980985,0
577,1,0.12187446389776704,0
578,1,0.2754406936780302,0
579,1,0.11780354344434804,0
580,1,0.1664807665087722,0
581,1,0.1451759595986233,0
582,1,0.5059939883356251,1
583,0,0.2600110593661709,0
584,0,0.10655340160528849,0
585,0,0.09999432043199458,0
586,1,0.48834287394131576,0
587,1,0.22876467342607473,0
588,1,0.6022229893380728,1
589,1,0.7593716681222279,1
590,1,0.11148173038979843,0
591,1,0.9516601775893361,1
592,0,0.04063299211243513,0
593,0,0.28498111873710147,0
594,0,0.04508570839145494,0
595,1,0.6995369016759804,1
596,0,0.22864386125581743,0
597,0,0.06492326950132124,0
598,0,0.36573679008716975,0
599,0,0.08448530852713551,0
600,0,0.10239388178379111,0
601,0,0.36392378211417525,0
602,0,0.12924954329516952,0
603,0,0.10409026147227816,0
604,0,0.11834853260651243,0
605,0,0.045046188301198456,0
606,0,0.05657529841087835,0
607,0,0.8131842747327669,1
608,0,0.09563798725058904,0
609,0,0.11780354344434804,0
610,0,0.10170886595143905,0
611,0,0.5230305307017826,1
612,1,0.9588488286829548,1
613,0,0.025357887260284262,0
614,0,0.25878572852255743,0
615,0,0.06912186229348527,0
616,0,0.15953149416921397,0
617,1,0.12613652459584526,0
618,0,0.3573602737476405,0
619,0,0.0638761337169241,0
620,0,0.5655240909399863,1
621,0,0.06891246070150882,0
622,0,0.22216946809974011,0
623,0,0.16801265624778985,0
624,0,0.0884491342743687,0
625,0,0.13873970466740074,0
626,0,0.07840642924532464,0
627,0,0.1002297011268236,0
628,0,0.023784294338659685,0
629,0,0.18757114596925598,0
630,0,0.0872844920834346,0
631,1,0.1800787499247653,0
632,0,0.16539647435612273,0
633,0,0.0827823921571208,0
634,1,0.11758573991341986,0
635,0,0.1474887728222955,0
636,0,0.09448418811300942,0
637,0,0.2534628825476402,0
638,0,0.23259204248426807,0
639,0,0.14765447508342286,0
640,0,0.1152085188804108,0
641,0,0.2854128488428804,0
642,1,0.8295247285484356,1
643,0,0.044173237988304415,0
644,0,0.04638526226427354,0
645,0,0.06523776862371987,0
646,0,0.08365376398468839,0
647,0,0.13107772520380084,0
648,0,0.12423007179640154,0
649,0,0.35141525327806367,0
650,0,0.049387302958036866,0
651,0,0.2221976585998594,0
652,0,0.13187547311748227,0
653,0,0.16073353533212778,0
654,0,0.07755850320438144,0
655,1,0.7428192040482946,1
656,1,0.17167846009444143,0
657,1,0.24570792157579202,0
658,1,0.4704114043893883,0
659,1,0.6611155989457876,1
660,1,0.10351460489809275,0
661,1,0.15679570020069272,0
662,1,0.17544468733731253,0
663,0,0.22514674329319326,0
664,0,0.2846312135776479,0
665,0,0.1534529349147718,0
666,0,0.33543030343979785,0
667,0,0.49727629710885923,0
668,0,0.25577657755079586,0
669,0,0.11648542913602955,0
670,0,0.0840321818220067,0
671,0,0.1073914575611393,0
672,0,0.22328047887498248,0
673,0,0.1945157549980138,0
674,0,0.16731124014673296,0
675,1,0.9222487842217816,1
676,1,0.9118881858471655,1
677,1,0.39242953938718333,0
678,1,0.8116228663392137,1
679,1,0.7308710576983188,1
680,1,0.1512771700912861,0
681,1,0.19274710541067813,0
682,0,0.2687602265286701,0
683,1,0.41664102474704695,0
684,0,0.04724416471507033,0
685,0,0.1761157080358956,0
686,0,0.3532296143457217,0
687,0,0.09615684803232978,0
688,0,0.15623328952157436,0
689,0,0.08121444030050072,0
690,0,0.23384032946789787,0
691,0,0.1225909601392331,0
692,0,0.2898577264749685,0
693,0,0.1112237361982205,0
694,0,0.04800809035439833,0
695,0,0.317889820018933,0
696,0,0.06509332594189811,0
697,0,0.12936375585315757,0
698,0,0.0967118570799264,0
699,0,0.057926308263762376,0
700,0,0.2088477425379576,0
701,0,0.08273871017484248,0
702,1,0.1595254204908799,0
703,0,0.09832502789154161,0
704,0,0.1405733005349824,0
705,0,0.05470451639837474,0
706,0,0.09306599953778286,0
707,1,0.14937948117088667,0
708,0,0.6421122385071191,1
709,0,0.24203093010456572,0
710,0,0.027909693602670562,0
711,0,0.07376951401222526,0
712,0,0.051256893078153176,0
713,0,0.03889922316648453,0
714,0,0.04551052296735163,0
715,0,0.18320664049636676,0
716,0,0.07209000966538653,0
717,0,0.033280022105106714,0
718,0,0.16930306231632244,0
719,0,0.19826747955569773,0
720,0,0.1958331105726459,0
721,0,0.26743479495476896,0
722,0,0.47799399449074687,0
723,0,0.3042102403469429,0
724,1,0.10160879215445325,0
725,0,0.03186581076156074,0
726,0,0.04363875720632835,0
727,0,0.09050008222862807,0
728,0,0.14504674774441983,0
729,0,0.27506202046917155,0
730,0,0.05266350932745074,0
731,0,0.17083207285439878,0
732,1,0.2712837445553292,0
733,0,0.2313339415437649,0
734,0,0.2412689539041644,0
735,0,0.07731346851455963,0
736,0,0.48906314462888906,0
737,0,0.16528760950748098,0
738,0,0.10819792755560523,0
739,0,0.025900357644547425,0
740,1,0.5932500600000857,1
741,0,0.10434666983989851,0
742,0,0.28191207329282664,0
743,0,0.16539540124903063,0
744,0,0.06185017345179907,0
745,0,0.16893145090795395,0
746,0,0.10203708171219475,0
747,0,0.11430127318578348,0
748,1,0.11462493877364943,0
749,0,0.04041221920126379,0
750,0,0.19613864735862074,0
751,0,0.04631085797047852,0
752,0,0.19170304836608032,0
753,0,0.13565704057945488,0
754,0,0.14499246984825104,0
755,0,0.3369044859645996,0
756,0,0.09535484393628965,0
757,0,0.06673234344365651,0
758,0,0.03089716101302416,0
759,1,0.08676251987039832,0
760,0,0.12140932394061513,0
761,0,0.07894859741909233,0
762,0,0.30886477583935185,0
763,0,0.06845068400402912,0
764,0,0.027856449955638213,0
765,0,0.16116206871601566,0
766,0,0.06840390910015398,0
767,0,0.3137189617859091,0
768,0,0.08254708487590863,0
769,0,0.13701320191752242,0
770,0,0.061860900011446444,0
771,0,0.13150753398676754,0
772,0,0.08589571961535014,0
773,0,0.17515736957271422,0
774,1,0.34357535411482487,0
775,0,0.1187441366594647,0
776,1,0.8479005029690431,1
777,0,0.05303168021384544,0
778,0,0.14564948962816412,0
779,0,0.3168500715934629,0
780,0,0.08332992177392128,0
781,0,0.3021350642098445,0
782,0,0.09045019246273926,0
783,0,0.08424662626872004,0
784,1,0.6496718063912802,1
785,0,0.1569411731710429,0
786,0,0.15335673904040323,0
787,0,0.03394813954946063,0
788,1,0.7823234631096895,1
789,1,0.07426584871044385,0
790,0,0.1518587720265495,0
791,0,0.3586973895120005,0
792,0,0.1941434709952153,0
793,0,0.07485654637211561,0
794,0,0.1199971913234955,0
795,1,0.16234140629956076,0
796,0,0.08492914114476735,0
797,0,0.1244624842500892,0
798,1,0.9498191349827915,1
799,1,0.09040715091647464,0
800,0,0.32654646984916225,0
801,0,0.1052157455179474,0
802,0,0.08792552366184345,0
803,0,0.09715867765129134,0
804,0,0.07156785431562168,0
805,0,0.11215312359974686,0
806,0,0.03860002140859287,0
807,0,0.09839592328440219,0
808,0,0.114583028495454,0
809,0,0.027783459903672862,0
810,1,0.13577140735534574,0
811,0,0.07300090114275322,0
812,0,0.11189781924653895,0
813,0,0.3139538796135664,0
814,0,0.16337742310031828,0
815,0,0.10787293319877889,0
816,0,0.15171067063221833,0
817,0,0.04854204081650045,0
818,0,0.03413267092446074,0
819,0,0.05940576340727219,0
820,1,0.22731028041750617,0
821,0,0.06906318621377164,0
822,1,0.9202490326136168,1
823,0,0.1575777681692502,0
824,0,0.19354951392233738,0
825,0,0.1333941017792528,0
826,0,0.20067161852502294,0
827,0,0.3191795503232309,0
828,0,0.0449844873900184,0
829,0,0.023082921637065636,0
830,0,0.029582954558382852,0
831,0,0.13440640093097977,0
832,0,0.06334529605266141,0
833,0,0.18623939149435406,0
834,1,0.1795789221461491,0
835,0,0.07244642870356569,0
836,0,0.09086542140142806,0
837,0,0.2913916605473333,0
838,0,0.08359545891963209,0
839,0,0.07531858160377126,0
840,0,0.06300253848339797,0
841,0,0.4384236734104447,0
842,0,0.12024403317856072,0
843,0,0.061236053238159234,0
844,0,0.14797911885614665,0
845,0,0.09625031938202581,0
846,1,0.08025766870683648,0
847,0,0.03594984918632756,0
848,0,0.26914817126377555,0
849,0,0.04367648676384154,0
850,0,0.740159338473164,1
851,0,0.034737079437203194,0
852,1,0.1320346780061466,0
853,0,0.11687031990950143,0
854,0,0.12442914751867781,0
855,0,0.1638111883833419,0
856,0,0.2383296288153851,0
857,0,0.1712165128562236,0
858,0,0.08876367890710819,0
859,0,0.12291964600036627,0
860,0,0.13657028819712108,0
861,0,0.029804538246021278,0
862,0,0.11517424181212131,0
863,0,0.11716137652319047,0
864,0,0.16569646242347483,0
865,0,0.20696017882968232,0
866,0,0.83580670874024,1
867,0,0.03017518201734213,0
868,1,0.11648542913602955,0
869,1,0.9137166104815949,1
870,1,0.7902667515345472,1
871,0,0.10421989114330633,0
872,0,0.2392686917801005,0
873,1,0.7755252728841671,1
874,0,0.20520273012738427,0
875,0,0.10157973089024294,0
876,1,0.06990587090074228,0
877,1,0.15062651071062536,0
878,0,0.28415525309879547,0
879,1,0.1522254478567163,0
880,0,0.029120747253780603,0
881,0,0.031749028991204034,0
882,0,0.0674692102148396,0
883,0,0.029401649354921528,0
884,0,0.131143891653623,0
885,0,0.06533080526270153,0
886,0,0.06841872230207538,0
887,1,0.547448924080163,1
888,0,0.053670438305818066,0
889,0,0.10865001944575173,0
890,0,0.10968443587363168,0
891,0,0.08187216311069548,0
892,1,0.29904209429448503,0
893,0,0.1308381154364455,0
894,1,0.9853670454416138,1
895,1,0.23231498403998826,0
896,1,0.4909287797791234,0
897,1,0.2712586884576212,0
898,0,0.37230331457026955,0
899,0,0.18830594493958736,0
900,1,0.25655580015934343,0
901,0,0.11405416954897221,0
902,0,0.15794637159740652,0
903,0,0.12492666752420263,0
904,0,0.7283813842584436,1
905,0,0.19584750833638728,0
906,1,0.9383346523439099,1
907,0,0.028236846010286313,0
908,0,0.13866785277163138,0
909,0,0.09840407745984302,0
910,0,0.037447375481743726,0
911,1,0.172502556099057,0
912,0,0.033850996959837676,0
913,0,0.32636815258303326,0
914,1,0.17251295220234888,0
915,0,0.07278425116649062,0
916,1,0.15906735551320864,0
917,1,0.2354934816430139,0
918,0,0.2016973482189363,0
919,0,0.08156489932861609,0
920,0,0.03402669043968693,0
921,0,0.14251643203977726,0
922,0,0.16005432191299623,0
923,0,0.3560610000929571,0
924,0,0.14714128858177858,0
925,0,0.06759388931577591,0
926,1,0.7474892196180587,1
927,1,0.5412683372404342,1
928,0,0.12994563259646513,0
929,1,0.16737578807081144,0
930,0,0.23030356872297505,0
931,0,0.12410916444295207,0
932,0,0.2043989011525768,0
933,0,0.10160966654814725,0
934,0,0.2649032272715596,0
935,0,0.03513430020802035,0
936,0,0.03409591276055258,0
937,0,0.17734348816740236,0
938,1,0.3831448114525302,0
939,0,0.25368354652261565,0
940,0,0.732724415454143,1
941,1,0.2248540223204145,0
942,1,0.15041032573285243,0
943,1,0.18322971476556693,0
944,0,0.3981843219321139,0
945,0,0.2607127832936936,0
946,0,0.2836987915013676,0
947,0,0.0647266737323944,0
948,0,0.3130810447580604,0
949,0,0.10958679602281864,0
950,0,0.17021808734963062,0
951,0,0.08489939705520855,0
952,0,0.12742388724423226,0
953,0,0.18481361186285397,0
954,0,0.19709073041088962,0
955,0,0.5774723428879351,1
956,0,0.1175398399063408,0
957,1,0.17290027104775527,0
958,1,0.15500692470229685,0
959,0,0.11487515939165083,0
960,0,0.1399039214286061,0
961,0,0.32887396637698224,0
962,0,0.49974409876854886,0
963,0,0.054342065386342245,0
964,0,0.29176797550706934,0
965,0,0.1509129651727209,0
966,0,0.03651260630125745,0
967,0,0.03018600433932767,0
968,0,0.07834683898303156,0
969,0,0.18027306915287444,0
970,0,0.19845661912007345,0
971,0,0.25340122597109477,0
972,0,0.18672928041248815,0
973,0,0.15401519350186255,0
974,0,0.0437648194708415,0
975,0,0.2267818298786617,0
976,0,0.06975517053050341,0
977,1,0.15635932739028308,0
978,1,0.5844361338093299,1
979,1,0.39847931501154715,0
980,0,0.11462493877364943,0
981,0,0.5011361756191891,1
982,0,0.057985023193572176,0
983,0,0.34349350009881585,0
984,0,0.10868146159933745,0
985,1,0.13017691423213879,0
986,0,0.3336278172838957,0
987,0,0.04130849828142612,0
988,0,0.14253150972729536,0
989,0,0.21960547064084032,0
990,0,0.11463772288202297,0
991,0,0.17313205874876417,0
992,0,0.1897958602519643,0
993,0,0.13736373483524794,0
994,1,0.28726819547469606,0
995,0,0.23760536466929896,0
996,0,0.10524516771137331,0
997,0,0.042651346822525416,0
998,0,0.02623634601435967,0
999,0,0.12410648459899773,0
1000,0,0.17040250540566765,0
1001,0,0.11091761249280287,0
1002,0,0.5098536706431784,1
1003,0,0.19729851016630148,0
1004,0,0.07715138986497343,0
1005,0,0.3187615735662459,0
1006,0,0.20927917497050325,0
1007,0,0.0465969899515536,0
1008,0,0.4391972480942437,0
1009,0,0.11660768532987566,0
1010,0,0.24780848203461175,0
1011,0,0.21405388512159165,0
1012,0,0.09081979130656426,0
1013,0,0.16074531891339836,0
1014,0,0.09475219372544795,0
1015,0,0.02574665171112548,0
1016,0,0.13515242381874668,0
1017,0,0.4070881296281441,0
1018,1,0.36294583127110897,0
1019,1,0.10926255644799807,0
1020,0,0.09314313249226142,0
1021,0,0.16043399867415498,0
1022,0,0.1972547596872683,0
1023,0,0.15147765704274457,0
1024,0,0.02959655762213478,0
1025,0,0.4532718709989205,0
1026,0,0.21283470875989255,0
1027,0,0.0838636716079766,0
1028,0,0.2161442655875476,0
1029,0,0.1759647569265317,0
1030,0,0.09313158174478647,0
1031,0,0.31613728855789325,0
1032,0,0.7995438780710916,1
1033,1,0.1367819322728978,0
1034,0,0.1084324691643423,0
1035,1,0.24117022691811785,0
1036,0,0.5423097143010537,1
1037,0,0.14511132674376495,0
1038,0,0.1484587916947542,0
1039,0,0.11477312238524914,0
1040,0,0.10864684289853267,0
1041,0,0.17998691869425304,0
1042,1,0.5221890494943713,1
1043,0,0.037931322662966456,0
1044,0,0.3149462714136747,0
1045,0,0.4339317281751541,0
1046,0,0.2974472415617953,0
1047,0,0.13925732375150765,0
1048,0,0.038566393681735874,0
1049,1,0.6039224733839921,1
1050,0,0.1872106964386384,0
1051,0,0.34568975353447623,0
1052,0,0.09032528884998885,0
1053,0,0.15168979755895598,0
1054,0,0.10244976686190334,0
1055,0,0.03289384612471419,0
1056,0,0.13330452005341692,0
1057,0,0.28202010714689174,0
1058,0,0.40035150461413666,0
1059,0,0.03535559077329162,0
1060,0,0.07752882323171949,0
1061,0,0.1534259374104675,0
1062,1,0.20035363201084952,0
1063,0,0.15403572152310177,0
1064,0,0.2213949340505333,0
1065,0,0.07712295756691323,0
1066,1,0.30102324235038824,0
1067,1,0.4922078394139007,0
1068,0,0.15075736882697824,0
1069,0,0.1740281499528539,0
1070,0,0.09757998884397065,0
1071,0,0.12916873311825872,0
1072,0,0.08061859888620806,0
1073,1,0.4516736526499364,0
1074,0,0.04827484135546026,0
1075,0,0.22518102280356467,0
1076,1,0.6330302476528196,1
1077,0,0.12426444054129293,0
1078,0,0.029480659757356878,0
1079,0,0.23843625684611536,0
1080,0,0.03591322177501134,0
1081,0,0.10017645908013956,0
1082,0,0.37677430551215296,0
1083,1,0.4219184846129681,0
1084,0,0.1655189526518352,0
1085,0,0.09789661416483725,0
1086,0,0.14976200632903555,0
1087,0,0.519496650576653,1
1088,0,0.12470243386927139,0
1089,0,0.10268035641588745,0
1090,0,0.3855798567186839,0
1091,0,0.07534403570480357,0
1092,0,0.13350606435152707,0
1093,0,0.23692956193442308,0
1094,0,0.03646906400940202,0
1095,0,0.21408814744979196,0
1096,0,0.1920131131972747,0
1097,0,0.09022269263652395,0
1098,0,0.06524965245783386,0
1099,0,0.4708765635337434,0
1100,0,0.3345847406581861,0
1101,0,0.33596209598763926,0
1102,0,0.13034523056784847,0
1103,1,0.32066544947181946,0
1104,0,0.09550409137204854,0
1105,0,0.09553754719733025,0
1106,0,0.11713331128141848,0
1107,0,0.2120769130001648,0
1108,1,0.15552026124206372,0
1109,0,0.1425480134682268,0
1110,0,0.1901710042915505,0
1111,0,0.6676509846108813,1
1112,0,0.20740673466609946,0
1113,1,0.15109097030300575,0
1114,0,0.033343179878133795,0
1115,0,0.08248861122491008,0
1116,1,0.4373426371104572,0
1117,0,0.13598802810618962,0
1118,0,0.04932592770674532,0
1119,0,0.10753465884539445,0
1120,0,0.027428138375808105,0
1121,0,0.11893069156003921,0
1122,0,0.08498814831968955,0
1123,0,0.15896134551060176,0
1124,0,0.8731925217608918,1
1125,0,0.036434922971084305,0
1126,1,0.11543385231799919,0
1127,0,0.1935442250853213,0
1128,0,0.7116969043204807,1
1129,1,0.17377287531832414,0
1130,0,0.051669803028624305,0
1131,0,0.8202030487795363,1
1132,1,0.22826546577045714,0
1133,1,0.10305971540335765,0
1134,0,0.1814333158678889,0
1135,0,0.10957623894902924,0
1136,0,0.1727023797038093,0
1137,0,0.0523192557233183,0
1138,0,0.03679340483735139,0
1139,0,0.10724213617323823,0
1140,1,0.15729400072498206,0
1141,1,0.37815885460229604,0
1142,1,0.14170060235300944,0
1143,1,0.3825509980410519,0
1144,1,0.13923904686014882,0
1145,1,0.11758573991341986,0
1146,1,0.1977539833369013,0
1147,1,0.3551616239022187,0
1148,1,0.14765326294661923,0
1149,1,0.10371499591932007,0
1150,1,0.2912952053183953,0
1151,1,0.3619898819052535,0
1152,0,0.06143165290828366,0
1153,0,0.11776393212812068,0
1154,0,0.12287144130367529,0
1155,0,0.12318059240281982,0
1156,0,0.15784389624715076,0
1157,0,0.11648542913602955,0
1158,0,0.1083179789091232,0
1159,0,0.116518732311418,0
1160,0,0.12757310368818903,0
1161,0,0.07123855683703996,0
1162,0,0.32881096997363624,0
1163,0,0.2504314871861286,0
1164,0,0.09726685467029693,0
1165,0,0.06297079766829887,0
1166,0,0.06585689038077529,0
1167,0,0.0531746750498475,0
1168,0,0.1052892230681592,0
1169,0,0.3237049805750448,0
1170,0,0.20326674301317557,0
1171,0,0.13387789351048648,0
1172,0,0.1090667891545802,0
1173,0,0.12182846595037765,0
1174,0,0.11785748648570848,0
1175,1,0.44160620215131136,0
1176,1,0.8380684090814089,1
1177,1,0.3454217630252876,0
1178,1,0.4220702273357214,0
1179,1,0.29804806155246866,0
1180,1,0.3454280811254563,0
1181,1,0.10481423899288145,0
1182,1,0.11462493877364943,0
1183,1,0.2523511441863405,0
1184,1,0.09674863558939768,0
1185,1,0.5298163434421903,1
1186,1,0.5834153533852187,1
1187,1,0.630643223136694,1
1188,1,0.0456726422691236,0
1189,1,0.05640302572250276,0
1190,1,0.3075533989991887,0
1191,1,0.9942050397189492,1
1192,1,0.6531405828509909,1
1193,1,0.998493056502155,1
1194,1,0.5182948274650071,1
1195,1,0.0656887906336992,0
1196,1,0.8506253997234975,1
1197,1,0.9762026342450231,1
1198,1,0.06788383435577326,0
1199,1,0.7774415720731269,1
1200,1,0.7758401243334981,1
1201,1,0.149020143175379,0
1202,1,0.4145185282524002,0
1203,1,0.05558281137099446,0
1204,0,0.10021966684767619,0
1205,0,0.43841311923978965,0
1206,0,0.04055047528869415,0
1207,1,0.3015769903966341,0
1208,0,0.16297065421652945,0
1209,0,0.20122345927178625,0
1210,0,0.07590717688894569,0
1211,0,0.14740305393159395,0
1212,0,0.09918827231259382,0
1213,0,0.15357238419543048,0
1214,0,0.13590787340170868,0
1215,0,0.19434902612092564,0
1216,0,0.39449543740221643,0
1217,1,0.25114121322783817,0
1218,0,0.09735290018784473,0
1219,0,0.2399033062407066,0
1220,0,0.24288860575480514,0
1221,0,0.480123088053797,0
1222,0,0.49609367907861557,0
1223,1,0.8590525102013651,1
1224,0,0.08530240680464345,0
1225,0,0.09937580217216417,0
1226,0,0.17639276987755842,0
1227,0,0.18239268426190658,0
1228,0,0.06882712572816024,0
1229,0,0.11101285126934468,0
1230,0,0.08615455808352664,0
1231,0,0.1768543698201136,0
1232,0,0.2125002768826934,0
1233,0,0.11608685692114874,0
1234,0,0.1679319031539653,0
1235,0,0.08944537540353745,0
1236,0,0.05995771974681497,0
1237,0,0.19199268878376005,0
1238,0,0.1116864728185915,0
1239,0,0.06830189424008148,0
1240,0,0.1006388316152964,0
1241,1,0.9870101278879536,1
1242,0,0.21797166704644078,0
1243,0,0.07375222654043964,0
1244,0,0.23391060097102911,0
1245,0,0.0938175937933545,0
1246,0,0.2029036677084249,0
1247,1,0.6607706220739789,1
1248,0,0.1782825032954801,0
1249,0,0.214801573359478,0
1250,0,0.6015944090393792,1
1251,0,0.14434859230367444,0
1252,0,0.0354100275870151,0
1253,0,0.14495618020428963,0
1254,1,0.5173840337825297,1
1255,0,0.06645968331465163,0
1256,0,0.38731815153803284,0
1257,0,0.11749116508536869,0
1258,0,0.13122903690635765,0
1259,0,0.17789521657750898,0
1260,1,0.224055885001956,0
1261,0,0.026193159209878542,0
1262,0,0.11223418513137552,0
1263,0,0.20955824665551762,0
1264,0,0.1847052539683133,0
1265,0,0.083940744196359,0
1266,0,0.20112677017834382,0
1267,0,0.04336098019897144,0
1268,0,0.10076825953019714,0
1269,1,0.5183961751613081,1
1270,0,0.12612998696790811,0
1271,0,0.08446362497741919,0
1272,0,0.10166990646202595,0
1273,0,0.033119695892580375,0
1274,0,0.09166081596723478,0
1275,0,0.1485457365567515,0
1276,0,0.06800982822135153,0
1277,0,0.14562807447732126,0
1278,0,0.1027153326627074,0
1279,0,0.16701783645469612,0
1280,0,0.13029240847275497,0
1281,0,0.390606387035907,0
1282,0,0.1215285721034758,0
1283,0,0.0850438843556152,0
1284,0,0.2689003122283136,0
1285,0,0.6388874281521699,1
1286,0,0.06054496682554163,0
1287,0,0.0848962851102099,0
1288,1,0.3448358023613718,0
1289,0,0.10353646347660667,0
1290,0,0.21411438621634382,0
1291,0,0.11520773313389579,0
1292,0,0.117937360153481,0
1293,0,0.27062469289500196,0
1294,0,0.04025000421112701,0
1295,0,0.05491438688577903,0
1296,0,0.1302255664879481,0
1297,0,0.14587169045225762,0
1298,0,0.8346340252678498,1
1299,0,0.14095437936375596,0
1300,0,0.15599677770248174,0
1301,1,0.13283072559228212,0
1302,0,0.1456977115081705,0
1303,0,0.24256791467801816,0
1304,1,0.36192212682986963,0
1305,0,0.10569404557975803,0
1306,0,0.024729582982599835,0
1307,0,0.05858983377409874,0
1308,0,0.1525840279489027,0
1309,0,0.10527976001172588,0
1310,0,0.11161775855715884,0
1311,0,0.28345431608426,0
1312,0,0.03247789452923451,0
1313,0,0.02969524579856559,0
1314,0,0.4063260554737375,0
1315,0,0.13767215558997842,0
1316,0,0.24520461916004,0
1317,0,0.061470475439120154,0
1318,1,0.5293065625761917,1
1319,0,0.14332494019343203,0
1320,0,0.14669055972864747,0
1321,1,0.11758573991341986,0
1322,0,0.15929744733277673,0
1323,1,0.379601699927662,0
1324,0,0.0385651837157883,0
1325,0,0.11252806327728482,0
1326,1,0.6712358766319609,1
1327,0,0.14817227931128185,0
1328,0,0.22298733031762077,0
1329,0,0.09432633820367214,0
1330,1,0.505286843167869,1
1331,0,0.07215054583963208,0
1332,0,0.08322258411028699,0
1333,0,0.1116611527169788,0
1334,0,0.04153455713356699,0
1335,0,0.17276463695930436,0
1336,0,0.13617147544419686,0
1337,0,0.2040080801437079,0
1338,0,0.47153457763446494,0
1339,0,0.15257909596578856,0
1340,0,0.06339084549854077,0
1341,0,0.16331089651696643,0
1342,1,0.8427586852705792,1
1343,0,0.2772663367345978,0
1344,0,0.03656538468101126,0
1345,0,0.1219718828716043,0
1346,0,0.20730478799473653,0
1347,0,0.2138719501380386,0
1348,0,0.15462006711485218,0
1349,0,0.07906402897983063,0
1350,1,0.13352718989758602,0
1351,1,0.2963662376366551,0
1352,0,0.14993402056743088,0
1353,0,0.24559417124214925,0
1354,0,0.06668813585130255,0
1355,0,0.15362138301684722,0
1356,0,0.29340834287449846,0
1357,0,0.33942625875577737,0
1358,0,0.7651917376555857,1
1359,0,0.18595584851245875,0
1360,0,0.1605856938362175,0
1361,0,0.13601532071106326,0
1362,0,0.32424116572247896,0
1363,0,0.08202171845111914,0
1364,0,0.08269311341810451,0
1365,0,0.08860828038589104,0
1366,0,0.12656991375434756,0
1367,0,0.6269667163712509,1
1368,0,0.13413992896914512,0
1369,0,0.21010950828972386,0
1370,0,0.08555118265373911,0
1371,0,0.07072147975668806,0
1372,0,0.1385786419632132,0
1373,0,0.14026320906402467,0
1374,0,0.08443529273121336,0
1375,0,0.12194186598960469,0
1376,1,0.1536279875839506,0
1377,0,0.18331282359422116,0
1378,0,0.1387312756884972,0
1379,0,0.07741452746353197,0
1380,1,0.27426481046611995,0
1381,1,0.3012127689787432,0
1382,0,0.0807923641381743,0
1383,1,0.2050948597563377,0
1384,0,0.2531302795346059,0
1385,0,0.36710711943742114,0
1386,0,0.10585852186180021,0
1387,0,0.14328358051684495,0
1388,0,0.15653887753324092,0
1389,0,0.23528506330995172,0
1390,0,0.17361447884249812,0
1391,0,0.5016950497695638,1
1392,0,0.07096945630865112,0
1393,1,0.178340990130462,0
1394,0,0.0535169557710528,0
1395,0,0.13750793572606104,0
1396,1,0.4156913337825207,0
1397,0,0.05884919730661655,0
1398,0,0.6338047261776127,1
1399,0,0.22813967372915805,0
1400,0,0.28311137508286577,0
1401,0,0.0769337881983298,0
1402,0,0.11700184305367821,0
1403,0,0.2633920212850998,0
1404,0,0.12321693113091144,0
1405,1,0.28091887615664596,0
1406,0,0.11462493877364943,0
1407,1,0.30452000293607684,0
1408,1,0.25217140876540506,0
1409,0,0.12358771124889809,0
1410,0,0.14642951146200206,0
1411,1,0.1493279934914986,0
1412,0,0.05890127119698381,0
1413,0,0.13013821204547127,0
1414,0,0.04352353555729313,0
1415,0,0.1471949814475857,0
1416,1,0.10007659717430918,0
1417,0,0.06845495515112444,0
1418,0,0.2205812525538716,0
1419,0,0.28070535691458276,0
1420,0,0.20325374312376887,0
1421,0,0.08463930674744077,0
1422,0,0.1538440983851254,0
1423,0,0.15286804785713756,0
1424,0,0.12038492241898457,0
1425,1,0.42731931615679125,0
1426,0,0.20601709897665485,0
1427,0,0.055935274205502,0
1428,0,0.13602960103678474,0
1429,0,0.08130741080289734,0
1430,1,0.1210331995120138,0
1431,0,0.0343705392661207,0
1432,0,0.02527356428883428,0
1433,0,0.0729728195162621,0
1434,0,0.1314477234636457,0
1435,0,0.1458117406041475,0
1436,0,0.07789551094132623,0
1437,0,0.09713187604902257,0
1438,0,0.18872686810804865,0
1439,1,0.3902769638431635,0
1440,0,0.031777880965841616,0
1441,0,0.1230941599363295,0
1442,0,0.17266519651113083,0
1443,1,0.4625493549822602,0
1444,0,0.12683064548078882,0
1445,0,0.040846537063205006,0
1446,0,0.09921951952714143,0
1447,0,0.12509886053462607,0
1448,0,0.1374041599322975,0
1449,0,0.03919499632571457,0
1450,0,0.10902341399736137,0
1451,0,0.19376599182094376,0
1452,0,0.339017951808455,0
1453,1,0.06402746508802037,0
1454,0,0.07632757504957903,0
1455,1,0.1023742836197293,0
1456,1,0.5635940612588186,1
1457,0,0.06237517368878919,0
1458,0,0.2706884233660337,0
1459,0,0.172302467060012,0
1460,0,0.06871632524898669,0
1461,0,0.153232761642299,0
1462,0,0.13667509952734894,0
1463,1,0.6685050894162179,1
1464,1,0.07873017068706899,0
1465,1,0.7463003694130143,1
1466,1,0.15880554483569448,0
1467,1,0.9028839426304993,1
1468,1,0.11758573991341986,0
1469,1,0.17855533956320374,0
1470,1,0.3650331250458543,0
1471,0,0.011336012771166836,0
1472,0,0.16113833950220607,0
1473,0,0.03789172136488695,0
1474,0,0.04503763660278906,0
1475,0,0.1875135373256182,0
1476,0,0.4845806484523053,0
1477,0,0.25194412111290143,0
1478,0,0.1621533689867429,0
1479,0,0.09112396324362775,0
1480,0,0.07850215591268794,0
1481,1,0.3692526201456779,0
1482,0,0.12060966679425633,0
1483,0,0.1327845833831612,0
1484,1,0.9384752530732403,1
1485,0,0.04943487394746356,0
1486,0,0.07277026238672578,0
1487,0,0.26796525667608534,0
1488,0,0.21141406324296327,0
1489,0,0.05686089713546453,0
1490,1,0.278169655260913,0
1491,0,0.27819651375457716,0
1492,0,0.12146273119420603,0
1493,0,0.057911326528939815,0
1494,1,0.13589219241845069,0
1495,0,0.20456949103490965,0
1496,0,0.16304567987662819,0
1497,0,0.09919314867432467,0
1498,0,0.24126757795210443,0
1499,0,0.03388372335317103,0
1500,1,0.14886690815976178,0
1501,0,0.19544362507017887,0
1502,0,0.1635212750916455,0
1503,0,0.15627744612769887,0
1504,0,0.06306924237331035,0
1505,1,0.554440244223459,1
1506,0,0.15990955563059606,0
1507,0,0.03290109883043885,0
1508,0,0.07766434793123368,0
1509,0,0.1406592194906151,0
1510,0,0.13337483479120243,0
1511,0,0.037006084219079985,0
1512,0,0.16086813483407905,0
1513,0,0.08246462637333205,0
1514,0,0.08622988168850654,0
1515,0,0.33427382835539177,0
1516,0,0.1320154322069727,0
1517,0,0.5116120109030334,1
1518,0,0.16403475256085848,0
1519,0,0.15464134776797342,0
1520,0,0.04420586225071661,0
1521,0,0.13465709924269995,0
1522,0,0.04553829537121366,0
1523,0,0.14624542037391697,0
1524,0,0.026717552886236604,0
1525,1,0.09255773573029406,0
1526,0,0.11714952089346249,0
1527,1,0.49410763119567574,0
1528,0,0.14282934898893004,0
1529,0,0.13166503187549433,0
1530,0,0.09022706386887604,0
1531,1,0.403797362113769,0
1532,0,0.062384659235239316,0
1533,0,0.0328853906174245,0
1534,0,0.11570695634641133,0
1535,0,0.09902329387970772,0
1536,0,0.15242969186378796,0
1537,0,0.10505995688585572,0
1538,0,0.03067338492736419,0
1539,0,0.09439037760602577,0
1540,0,0.5457880279889263,1
1541,0,0.09027564806988424,0
1542,0,0.20207666971864202,0
1543,0,0.09247583566721478,0
1544,0,0.07232955907743595,0
1545,0,0.27771909543207945,0
1546,0,0.11824305054966097,0
1547,1,0.3724909467229869,0
1548,1,0.8924894845471057,1
1549,0,0.8584046892926539,1
1550,0,0.04773784035973086,0
1551,0,0.12140445145801902,0
1552,0,0.09019606384018136,0
1553,1,0.25147314028157997,0
1554,1,0.11462493877364943,0
1555,0,0.14348534265563861,0
1556,0,0.060144096680650884,0
1557,0,0.17605737996360152,0
1558,0,0.11454302719653492,0
1559,0,0.1931265068533411,0
1560,0,0.21489650146594952,0
1561,0,0.06546223263164883,0
1562,0,0.14147292325452065,0
1563,0,0.1457454215814647,0
1564,0,0.03803693396850169,0
1565,0,0.18261567321842392,0
1566,0,0.12395376849963459,0
1567,0,0.18556907617200652,0
1568,0,0.06331845946617876,0
1569,0,0.04323422885554821,0
1570,0,0.14155516393706505,0
1571,0,0.10290472582099794,0
1572,0,0.060604549443413265,0
1573,0,0.14410853340427054,0
1574,0,0.11563584856943773,0
1575,0,0.06689514584887742,0
1576,0,0.2281274747216638,0
1577,0,0.08545353394028227,0
1578,0,0.0919310737682774,0
1579,0,0.09047399134386308,0
1580,0,0.08975842045928077,0
1581,0,0.12263809682543646,0
1582,0,0.13506483563221472,0
1583,0,0.1377301114933058,0
1584,0,0.11624820681315257,0
1585,0,0.125185727757913,0
1586,0,0.2772844190176732,0
1587,1,0.13334311914600122,0
1588,1,0.16476368111085182,0
1589,1,0.11780354344434804,0
1590,1,0.8255904303621107,1
1591,0,0.1634027125007447,0
1592,0,0.1017718053419507,0
1593,0,0.16296425614788854,0
1594,0,0.20464506354314335,0
1595,0,0.034161178947470894,0
1596,0,0.07340509366695355,0
1597,0,0.1374658059135582,0
1598,0,0.45097429225047353,0
1599,0,0.5656025141756923,1
1600,0,0.16585918085039736,0
1601,1,0.8863214140684226,1
1602,1,0.6897596257908969,1
1603,0,0.08661041682110357,0
1604,0,0.15503495350639515,0
1605,0,0.08097213913389205,0
1606,0,0.17997391544289856,0
1607,1,0.34711858544836943,0
1608,1,0.13372224011773146,0
1609,0,0.12854690226361104,0
1610,0,0.2797051643479444,0
1611,0,0.028638460987573604,0
1612,0,0.033594216403821944,0
1613,0,0.19508468310510266,0
1614,0,0.04438080271149226,0
1615,0,0.051539765111666774,0
1616,0,0.11283533442408267,0
1617,0,0.31149448553250964,0
1618,0,0.1796676822932583,0
1619,1,0.9084184650351741,1
1620,0,0.23244193396393,0
1621,0,0.09435692446453398,0
1622,0,0.11129482895781709,0
1623,1,0.7630572785292573,1
1624,1,0.3683267104208672,0
1625,0,0.11782473066152784,0
1626,0,0.11388392472550503,0
1627,0,0.21961464378974638,0
1628,0,0.06069713632893768,0
1629,0,0.4571911122901166,0
1630,0,0.15176640246396342,0
1631,0,0.2802006186349036,0
1632,1,0.5651580471533978,1
1633,1,0.1070456101354833,0
1634,1,0.8573111434408203,1
1635,0,0.13350736994764148,0
1636,0,0.10360350195450369,0
1637,0,0.04721482027533093,0
1638,0,0.054527330289302234,0
1639,0,0.08367558390988881,0
1640,0,0.2792305151542589,0
1641,0,0.07996120403969938,0
1642,0,0.28876334311676066,0
1643,0,0.3857320100038803,0
1644,0,0.14750465905512075,0
1645,0,0.09271036118496716,0
1646,1,0.918718948141275,1
1647,0,0.09078049339764867,0
1648,0,0.12498626171676762,0
1649,0,0.16390437806988029,0
1650,1,0.9690169287318946,1
1651,0,0.0312500729011674,0
1652,0,0.13641409638287164,0
1653,0,0.26514426637475985,0
1654,0,0.1493768404086181,0
1655,0,0.09797159927994223,0
1656,0,0.12558989433456616,0
1657,0,0.15891674780101311,0
1658,0,0.18097296589035924,0
1659,0,0.23427747171208096,0
1660,0,0.046542452374206685,0
1661,0,0.054027354823219194,0
1662,0,0.20827885267233445,0
1663,0,0.20323475726860252,0
1664,0,0.35819572163345514,0
1665,0,0.08199849870947891,0
1666,0,0.06731356068438145,0
1667,1,0.12412675782561586,0
1668,0,0.15482968628006244,0
1669,0,0.17213725348825282,0
1670,0,0.18311049350359632,0
1671,1,0.45822067379364456,0
1672,0,0.1461585175844279,0
1673,0,0.31250804247013436,0
1674,0,0.31410558229022584,0
1675,0,0.15117599481520425,0
1676,0,0.04856815990712004,0
1677,0,0.041758759074944404,0
1678,0,0.1675282651824522,0
1679,1,0.2098134893083632,0
1680,1,0.13467579348183722,0
1681,0,0.049328240667254004,0
1682,0,0.09250714580930473,0
1683,0,0.34625445920415904,0
1684,1,0.14205428238626244,0
1685,0,0.06548508280967505,0
1686,0,0.23956714190736345,0
1687,0,0.049037399699749185,0
1688,1,0.15498438264648734,0
1689,0,0.24368987913586798,0
1690,0,0.1130007395332402,0
1691,0,0.13443077027376274,0
1692,0,0.20565636529034506,0
1693,0,0.048027381169110935,0
1694,0,0.1733467192095089,0
1695,0,0.14705842204760763,0
1696,0,0.1114534059714219,0
1697,0,0.1579753156196383,0
1698,0,0.2252573453418655,0
1699,0,0.10002116489788657,0
1700,0,0.3484782180994968,0
1701,0,0.3395983856178087,0
1702,0,0.046107140405865624,0
1703,0,0.048601792153668555,0
1704,0,0.04395816061912355,0
1705,1,0.25181171664724317,0
1706,0,0.18578375569340339,0
1707,0,0.1548349267479177,0
1708,0,0.0983378942081692,0
1709,1,0.33889501572310465,0
1710,0,0.28232160011716045,0
1711,0,0.7093246157617806,1
1712,1,0.5263872442722655,1
1713,1,0.14338738176579333,0
1714,1,0.24327341849368736,0
1715,1,0.31026426736285306,0
1716,0,0.060449197462211605,0
1717,0,0.25796430788308305,0
1718,0,0.1002835690166928,0
1719,0,0.3934843423360525,0
1720,0,0.14932192926314997,0
1721,0,0.1225271804366407,0
1722,0,0.4225214064543988,0
1723,0,0.2443219735014077,0
1724,0,0.06833642763098109,0
1725,0,0.10445247134604879,0
1726,0,0.13776703338475407,0
1727,0,0.21797154947212125,0
1728,0,0.0872530579611743,0
1729,0,0.21253817260513996,0
1730,0,0.5260415442879771,1
1731,0,0.10343530313257447,0
1732,0,0.11184353422700881,0
1733,0,0.18640712546195226,0
1734,0,0.20065494642878112,0
1735,0,0.10847942254402845,0
1736,1,0.11780354344434804,0
1737,0,0.5385728232546981,1
1738,0,0.07992314902997949,0
1739,1,0.9771425850116185,1
1740,1,0.3840580899920437,0
1741,1,0.07513086290680404,0
1742,1,0.15680189019259275,0
1743,1,0.1954514412741942,0
1744,1,0.14629981922035504,0
1745,1,0.3302478926899984,0
1746,1,0.8197479575958554,1
1747,1,0.2596049406343335,0
1748,1,0.37988908635436475,0
1749,1,0.7726099585608353,1
1750,1,0.20469116605885163,0
1751,1,0.28292366784684764,0
1752,0,0.2024650482128959,0
1753,1,0.39853131925147706,0
1754,0,0.023509118833535323,0
1755,0,0.09853533326480333,0
1756,0,0.041245794363831294,0
1757,0,0.1342081237263146,0
1758,0,0.18862067579046202,0
1759,0,0.18537061837317148,0
1760,1,0.27177803695269026,0
1761,1,0.24513284034042335,0
1762,0,0.23959577797167206,0
1763,0,0.08669461479503457,0
1764,0,0.2494226242239121,0
1765,0,0.17468110075298338,0
1766,1,0.14602306230746395,0
1767,0,0.02347108433062676,0
1768,0,0.6091919997963162,1
1769,0,0.045011170826829094,0
1770,1,0.2683477676124443,0
1771,0,0.3224841865553513,0
1772,0,0.07014351080574929,0
1773,0,0.10926735027746788,0
1774,0,0.06633647437945292,0
1775,0,0.21546753273915403,0
1776,1,0.12071525369139448,0
1777,0,0.1438019050715341,0
1778,0,0.29697117996955086,0
1779,1,0.1304168653900853,0
1780,0,0.3293130301906405,0
1781,0,0.01828024952506632,0
1782,0,0.24395925438040314,0
1783,0,0.10419960814615875,0
1784,0,0.5753842980553002,1
1785,0,0.04111954957817899,0
1786,0,0.12465264287902139,0
1787,0,0.27055984243611847,0
1788,0,0.08887365932592092,0
1789,0,0.38435792371162186,0
1790,0,0.13426728968004462,0
1791,0,0.06358793251305873,0
1792,0,0.07821992396332111,0
1793,0,0.046130866403101746,0
1794,0,0.12557102053113056,0
1795,0,0.06972770106712163,0
1796,0,0.12085765167854094,0
1797,0,0.0786699698581598,0
1798,0,0.015613239356668541,0
1799,0,0.22113650727682074,0
1800,1,0.1753683900231485,0
1801,0,0.10283820753834606,0
1802,0,0.10852569833658395,0
1803,0,0.05646277726593624,0
1804,0,0.08599637996144366,0
1805,0,0.061941583110540564,0
1806,0,0.16571851759755885,0
1807,0,0.29778942616306375,0
1808,0,0.04064218899641145,0
1809,1,0.10451150165223509,0
1810,0,0.07340369354879088,0
1811,0,0.19010796780965908,0
1812,0,0.3635574966361395,0
1813,0,0.11964595377823112,0
1814,0,0.16222108692982984,0
1815,0,0.14627017626368882,0
1816,1,0.0775773839199052,0
1817,0,0.09237187033108071,0
1818,0,0.3063087668117768,0
1819,0,0.4267272750160824,0
1820,1,0.40444196267039195,0
1821,0,0.1534387530951613,0
1822,0,0.034791053151023,0
1823,0,0.1432650110595666,0
1824,0,0.055975463623595116,0
1825,1,0.1368220510094472,0
1826,1,0.12328746649102429,0
1827,1,0.33152645823096694,0
1828,1,0.7230956492483194,1
1829,0,0.05793279931080451,0
1830,0,0.06349394585612737,0
1831,0,0.08319469335677328,0
1832,0,0.17201064648331582,0
1833,0,0.16321895212495993,0
1834,0,0.19626860315945385,0
1835,0,0.1959893698421159,0
1836,0,0.18804149143689303,0
1837,0,0.09945370938544709,0
1838,0,0.4891117938947714,0
1839,0,0.10180816710632665,0
1840,0,0.03883994544894973,0
1841,0,0.4773716983885677,0
1842,1,0.14972148142694677,0
1843,1,0.8843276882171548,1
1844,0,0.10472778472134081,0
1845,1,0.12286599521621176,0
1846,0,0.09069865134680194,0
1847,0,0.030032956128668513,0
1848,0,0.2171614663420372,0
1849,0,0.029177940556048425,0
1850,1,0.35216851078710903,0
1851,0,0.0816628250592047,0
1852,0,0.07767292325808961,0
1853,0,0.0747900152523273,0
1854,0,0.08584922585274109,0
1855,0,0.02587352186291939,0
1856,0,0.019942029498565245,0
1857,1,0.10160879215445325,0
1858,0,0.04655850039150912,0
1859,0,0.06535383362336313,0
1860,1,0.14392072217458948,0
1861,0,0.28725848973321716,0
1862,1,0.35342380413681584,0
1863,0,0.03550783111866157,0
1864,0,0.13834524465526013,0
1865,0,0.03859176855405964,0
1866,0,0.2717153143251438,0
1867,0,0.2317724061467852,0
1868,0,0.2826631528603346,0
1869,1,0.9641629346469962,1
1870,0,0.18816365985485584,0
1871,0,0.04001148553065605,0
1872,0,0.1580509426209855,0
1873,0,0.06726732819369251,0
1874,0,0.13389822911697002,0
1875,0,0.03499303042835112,0
1876,0,0.20279351106431343,0
1877,0,0.22195421420559747,0
1878,0,0.053104415903069295,0
1879,1,0.26428528149813446,0
1880,1,0.18089063496182112,0
1881,1,0.283707742430411,0
1882,0,0.11825100882278322,0
1883,0,0.5615476552322975,1
1884,1,0.8261257644699532,1
1885,1,0.06041129168671593,0
1886,1,0.9708181517276062,1
1887,0,0.04450460482036726,0
1888,0,0.19698427882952105,0
1889,0,0.215895437450035,0
1890,0,0.5994382454599404,1
1891,0,0.1469020504674296,0
1892,0,0.13277151640964208,0
1893,0,0.07231033535475538,0
1894,0,0.2528836030481848,0
1895,0,0.14313533008079532,0
1896,0,0.04838595036046213,0
1897,0,0.524035789916338,1
1898,0,0.08210334240107106,0
1899,0,0.17538950598800773,0
1900,0,0.14096863400218995,0
1901,0,0.22165468298131477,0
1902,1,0.636583911480137,1
1903,1,0.5696909824869579,1
1904,0,0.24014982868768778,0
1905,0,0.043049623928230384,0
1906,0,0.35352171786938524,0
1907,0,0.09697492896568356,0
1908,1,0.3175698080390943,0
1909,1,0.1511230656870865,0
1910,0,0.03191667854675519,0
1911,0,0.1303323413960569,0
1912,0,0.4382374958125415,0
1913,0,0.21449050207242176,0
1914,1,0.5622352446392572,1
1915,0,0.038152634936017754,0
1916,0,0.43675417320540916,0
1917,0,0.49766971203452265,0
1918,0,0.21283817074542596,0
1919,0,0.2097486465806346,0
1920,0,0.1551912919454699,0
1921,0,0.17592990495380811,0
1922,0,0.24744506288327142,0
1923,0,0.07737617984974808,0
1924,0,0.05043039251731912,0
1925,0,0.23500433769271095,0
1926,0,0.09923002761932156,0
1927,0,0.18217068173725487,0
1928,0,0.8404413171732695,1
1929,0,0.03461832726387314,0
1930,0,0.20460305529670592,0
1931,1,0.13268074839001717,0
1932,0,0.10348519341795133,0
1933,0,0.16848546127473274,0
1934,0,0.030778410122683775,0
1935,0,0.15932277753159801,0
1936,0,0.2108897208630977,0
1937,0,0.09685295911841106,0
1938,0,0.19540639875451835,0
1939,0,0.18008250968553013,0
1940,0,0.0657675420008251,0
1941,0,0.3380786781591655,0
1942,0,0.12301934448017131,0
1943,0,0.1287682012157685,0
1944,0,0.031327852048564635,0
1945,0,0.21311217051575465,0
1946,0,0.12095813061582986,0
1947,0,0.20267536988139181,0
1948,0,0.3901655068117383,0
1949,0,0.09754741875819592,0
1950,0,0.15839780156869118,0
1951,0,0.13144652301771956,0
1952,0,0.1609244783245388,0
1953,0,0.09255268772677695,0
1954,0,0.08508576671003502,0
1955,0,0.056468927264217636,0
1956,0,0.10987891640341063,0
1957,1,0.1262168036847537,0
1958,0,0.23468778661820153,0
1959,0,0.033582039393660806,0
1960,0,0.06604960116927315,0
1961,0,0.06419049104105069,0
1962,0,0.06042545742202421,0
1963,1,0.06729461655708686,0
1964,1,0.5447407369907193,1
1965,0,0.09737659133920074,0
1966,0,0.07307830803840086,0
1967,1,0.11767274409656582,0
1968,1,0.18485074113004007,0
1969,0,0.22995199887105428,0
1970,0,0.14353270024192763,0
1971,0,0.040292321094848586,0
1972,0,0.06346355261027257,0
1973,0,0.3021222001097075,0
1974,1,0.7792390120987478,1
1975,0,0.1012666968835333,0
1976,0,0.15703399038884644,0
1977,0,0.09305427600020029,0
1978,0,0.22482989627975306,0
1979,0,0.4506936752499132,0
1980,0,0.18344440457285507,0
1981,0,0.17281816063301136,0
1982,0,0.16460199640109394,0
1983,0,0.1524437659197881,0
1984,0,0.12548227652174604,0
1985,1,0.15889408518243722,0
1986,0,0.034321634454791965,0
1987,0,0.13476824893839626,0
1988,0,0.1690495605238743,0
1989,0,0.21200930055298206,0
1990,0,0.3940229040687875,0
1991,0,0.12065713248500427,0
1992,1,0.27254051495095843,0
1993,0,0.09333463724303748,0
1994,0,0.1529665867153151,0
1995,0,0.04824959879008766,0
1996,0,0.20816437999951393,0
1997,0,0.14796907232710252,0
1998,0,0.08480579938997608,0
1999,0,0.13440067186426644,0
2000,0,0.1466353004924226,0
2001,1,0.2948607909507093,0
2002,0,0.11555962054267764,0
2003,0,0.17065198929584155,0
2004,0,0.08532582324903296,0
2005,1,0.13986169190828115,0
2006,0,0.06736621419572149,0
2007,0,0.11317943123960567,0
2008,0,0.13816913424647767,0
2009,0,0.12141587336952875,0
2010,0,0.32297019872554994,0
2011,0,0.04961676553859974,0
2012,0,0.16901036625971022,0
2013,0,0.13349621408870807,0
2014,0,0.7013221269726637,1
2015,0,0.07002622048972217,0
2016,0,0.32698938250619547,0
2017,0,0.0554795568169808,0
2018,1,0.14560167926696602,0
2019,0,0.03871328222609925,0
2020,0,0.43729629106948775,0
2021,0,0.08401593542991193,0
2022,0,0.053383673355896964,0
2023,0,0.13572807163861375,0
2024,0,0.18794520451578278,0
2025,0,0.1445572098932908,0
2026,1,0.14221388198011953,0
2027,0,0.08223122276781718,0
2028,0,0.04591688930803262,0
2029,0,0.2006315119247803,0
2030,0,0.15623051616301253,0
2031,0,0.5131687439884952,1
2032,0,0.03535719103327538,0
2033,0,0.27008495208444566,0
2034,0,0.11979232672560303,0
2035,0,0.2743279030429877,0
2036,0,0.046710439834603525,0
2037,1,0.3614465756216727,0
2038,1,0.5801496965386406,1
2039,1,0.2647949897381442,0
2040,0,0.11501281688075389,0
2041,0,0.044157578265442476,0
2042,0,0.049368855823164116,0
2043,0,0.06918812216296659,0
2044,0,0.21335097976287623,0
2045,0,0.20835350304577627,0
2046,1,0.9797333809476763,1
2047,1,0.9136067289059425,1
2048,1,0.20953091547306357,0
2049,1,0.4168921595980118,0
2050,1,0.12792510950640268,0
2051,1,0.9915461739747434,1
2052,1,0.14738766208956022,0
2053,1,0.3209518561393412,0
2054,1,0.3810358745007707,0
2055,1,0.743265078548119,1
2056,1,0.45074286710595673,0
2057,0,0.15745063974936274,0
2058,0,0.05327042212737537,0
2059,0,0.8519152659564033,1
2060,0,0.20826238968421523,0
2061,0,0.05101233746846301,0
2062,0,0.11462493877364943,0
2063,0,0.1389863760114539,0
2064,0,0.10522309740448695,0
2065,0,0.04333137068829168,0
2066,0,0.2555295188860315,0
2067,0,0.12026562680794382,0
2068,0,0.05400220132475538,0
2069,0,0.13064642989523464,0
2070,0,0.11965780516621283,0
2071,0,0.4752070048432077,0
2072,0,0.1410476160302295,0
2073,1,0.11780354344434804,0
2074,0,0.08891614215819503,0
2075,0,0.02444629302164246,0
2076,1,0.4112268797741944,0
2077,0,0.1626344854815174,0
2078,0,0.0766009144747702,0
2079,0,0.015192109644047798,0
2080,0,0.12192474055767977,0
2081,0,0.15234025880864627,0
2082,0,0.042551860965783214,0
2083,0,0.104016438707835,0
2084,0,0.4535901055996228,0
2085,1,0.26212015728324944,0
2086,0,0.5353785717673488,1
2087,0,0.2439359926371975,0
2088,0,0.10837200256760746,0
2089,0,0.024146362195213312,0
2090,0,0.06557919283486992,0
2091,0,0.14367221292321988,0
2092,0,0.22002104501856126,0
2093,0,0.19166859594414207,0
2094,0,0.14110285427008948,0
2095,1,0.4093189882258134,0
2096,1,0.18910289228432076,0
2097,0,0.6605591335818736,1
2098,0,0.12801532345567287,0
2099,0,0.23575748407477987,0
2100,0,0.17293963804330953,0
2101,0,0.0725016053775482,0
2102,0,0.1460346066405747,0
2103,0,0.03714176837552604,0
2104,0,0.14718313371450745,0
2105,1,0.1631783271350945,0
2106,0,0.5882976663180063,1
2107,0,0.20473989994338446,0
2108,0,0.1159880770668848,0
2109,0,0.03900817096894486,0
2110,0,0.18456725253891157,0
2111,1,0.1315856952255233,0
2112,1,0.14994212762762965,0
2113,0,0.09591153028881874,0
2114,0,0.015253164772307478,0
2115,0,0.1638975530838103,0
2116,0,0.015840783284547424,0
2117,0,0.21181961252499773,0
2118,1,0.20931511146593482,0
2119,0,0.1893042490869097,0
2120,0,0.14635066551911016,0
2121,0,0.12621508035482557,0
2122,0,0.08672851518731979,0
2123,0,0.061992054029305264,0
2124,0,0.18436254943395147,0
2125,0,0.054368661661999745,0
2126,0,0.24315210346862756,0
2127,0,0.09500628574895749,0
2128,0,0.1056687821085168,0
2129,0,0.2222976175875204,0
2130,0,0.06814667964983431,0
2131,0,0.06561752585050992,0
2132,1,0.1131699278352795,0
2133,0,0.24589841149717448,0
2134,0,0.048629867075149255,0
2135,0,0.06252326855242493,0
2136,1,0.4984445547311316,0
2137,0,0.29766153482563884,0
2138,0,0.08667329216675233,0
2139,0,0.1587830289544392,0
2140,0,0.15404387294020352,0
2141,1,0.5574158284398928,1
2142,0,0.021439429363500528,0
2143,0,0.0970437568184562,0
2144,1,0.14080143170540355,0
2145,0,0.7627268237519939,1
2146,0,0.045877799419694505,0
2147,0,0.1408379372038305,0
2148,0,0.27258207636524606,0
2149,0,0.3429561026883166,0
2150,0,0.44652564469385264,0
2151,1,0.3589930855785301,0
2152,0,0.20232633297529862,0
2153,0,0.06372047770306451,0
2154,0,0.09640323032468458,0
2155,0,0.1931342283672917,0
2156,0,0.15029942218631315,0
2157,0,0.16241203819826733,0
2158,0,0.19747014968752935,0
2159,0,0.16934525701385958,0
2160,0,0.49574001633437337,0
2161,0,0.06629961336664213,0
2162,0,0.100959637866505,0
2163,0,0.04542859352382273,0
2164,0,0.16524477596000267,0
2165,0,0.03120361934656181,0
2166,0,0.14375477275491086,0
2167,0,0.04476803751575776,0
2168,0,0.12109726046985982,0
2169,0,0.14277790338657895,0
2170,0,0.3448839592371609,0
2171,0,0.1400432391766911,0
2172,1,0.19580732499638454,0
2173,1,0.0626959335363958,0
2174,0,0.10412558279798934,0
2175,0,0.15106635660512377,0
2176,1,0.5751626003457785,1
2177,1,0.789147897104899,1
2178,1,0.1871741760801356,0
2179,1,0.9900140921280809,1
2180,0,0.12091194109696131,0
2181,0,0.04800347982556346,0
2182,0,0.08308118031282163,0
2183,0,0.153692962549604,0
2184,0,0.1510169783212728,0
2185,0,0.09157122483036617,0
2186,0,0.08701581369733873,0
2187,0,0.14929568813827956,0
2188,0,0.15165807610756915,0
2189,0,0.08712698216911122,0
2190,0,0.1584052420263482,0
2191,0,0.09994607671432021,0
2192,0,0.15771409287768834,0
2193,0,0.02091288688986674,0
2194,0,0.3329702375996939,0
2195,0,0.06644838374591579,0
2196,0,0.38057910224708735,0
2197,0,0.4989745073772154,0
2198,0,0.12573664508815044,0
2199,0,0.051194600151323016,0
2200,0,0.28387904759250326,0
2201,0,0.15629030082688872,0
2202,0,0.09179319909000895,0
2203,1,0.9251605477093174,1
2204,1,0.10351460489809275,0
2205,0,0.1642829829279175,0
2206,0,0.0752080555753153,0
2207,0,0.16668179087238288,0
2208,0,0.04177110235337083,0
2209,0,0.3081026444126116,0
2210,0,0.09082118487079231,0
2211,0,0.2332270536113815,0
2212,0,0.1385772784090475,0
2213,0,0.017251869524210123,0
2214,0,0.07246592099910465,0
2215,0,0.12487652693276698,0
2216,0,0.28809912082579336,0
2217,0,0.1701057105416105,0
2218,0,0.12009085677514499,0
2219,0,0.1645285003415969,0
2220,1,0.5552207589801923,1
2221,0,0.18076052571251885,0
2222,0,0.20702450993576077,0
2223,0,0.10627626899773544,0
2224,1,0.10778049200009279,0
2225,0,0.06177771169740429,0
2226,0,0.16650729842717668,0
2227,0,0.16057997605896568,0
2228,0,0.1695157419844235,0
2229,1,0.26890652532204184,0
2230,0,0.8452592365688224,1
2231,0,0.1637928991509936,0
2232,0,0.06470377269452256,0
2233,0,0.0999801910828869,0
2234,0,0.24566594050406698,0
2235,0,0.1893442121095971,0
2236,0,0.10799881799667636,0
2237,0,0.16734050818610566,0
2238,0,0.2880581671159503,0
2239,0,0.03265765615986585,0
2240,0,0.1797333228270808,0
2241,0,0.11539929365827895,0
2242,0,0.20655359212256127,0
2243,0,0.05436898508555942,0
2244,0,0.24086637177684686,0
2245,0,0.2368905947319354,0
2246,0,0.05860999830133316,0
2247,0,0.13456251547444548,0
2248,0,0.471131690519484,0
2249,0,0.05176554296577813,0
2250,0,0.20295672694986794,0
2251,0,0.046552902560716806,0
2252,1,0.182455261097696,0
2253,0,0.2469482883142729,0
2254,0,0.16682182730752965,0
2255,0,0.03014199885643417,0
2256,0,0.045650455721560075,0
2257,0,0.028247657121030487,0
2258,0,0.0749718230974739,0
2259,0,0.20796385756254868,0
2260,0,0.2199384179143771,0
2261,1,0.6316167355872645,1
2262,0,0.1563577517093331,0
2263,0,0.03634830878460037,0
2264,0,0.08215798895655264,0
2265,1,0.5933921603306593,1
2266,0,0.050050034591208055,0
2267,0,0.11767274409656582,0
2268,1,0.4659642130706573,0
2269,1,0.28168550792700947,0
2270,0,0.02933836626179324,0
2271,0,0.18101091607493658,0
2272,0,0.20647643157865836,0
2273,0,0.24915874701615504,0
2274,1,0.2538432280495941,0
2275,0,0.042381652423736434,0
2276,0,0.14001367576035736,0
2277,0,0.04840874405315506,0
2278,0,0.34408137178002796,0
2279,0,0.15507756235559278,0
2280,0,0.15750792961132765,0
2281,0,0.18617754667445183,0
2282,0,0.03371888278101583,0
2283,0,0.3131606720055067,0
2284,1,0.9994151569696529,1
2285,0,0.11340447829239424,0
2286,0,0.07747239061855765,0
2287,1,0.23470243200818366,0
2288,0,0.297659461938023,0
2289,0,0.0914118964266075,0
2290,1,0.12434741574405073,0
2291,1,0.09644625682930709,0
2292,0,0.15574229586586535,0
2293,0,0.05764296877031305,0
2294,0,0.18866214723466745,0
2295,0,0.06632908522994498,0
2296,0,0.10381964842190149,0
2297,0,0.06623085135881678,0
2298,0,0.17349606974816065,0
2299,0,0.04563144183809471,0
2300,0,0.0383893762839032,0
2301,0,0.10511704545936613,0
2302,0,0.07166271347192801,0
2303,1,0.04849434888130689,0
2304,0,0.06830123803203708,0
2305,0,0.10088926481842231,0
2306,0,0.2552947639201119,0
2307,0,0.15012908033146044,0
2308,0,0.10375142638179215,0
2309,1,0.11780354344434804,0
2310,1,0.11780354344434804,0
2311,0,0.14941715382088303,0
2312,0,0.16079890512170908,0
2313,0,0.34000605051525756,0
2314,0,0.10300370168815358,0
2315,0,0.07217510892951867,0
2316,0,0.10088634363560532,0
2317,1,0.10110902184175011,0
2318,1,0.626079527146596,1
2319,1,0.21726558581375457,0
2320,1,0.23327416310813673,0
2321,1,0.24806797801567693,0
2322,1,0.8443083296698469,1
2323,0,0.07123353616079056,0
2324,0,0.04809511382709308,0
2325,0,0.06739426671201194,0
2326,0,0.22708035397658405,0
2327,0,0.15074836815260617,0
2328,0,0.1253000956789821,0
2329,1,0.8448732326378119,1
2330,0,0.266245408707927,0
2331,0,0.03407857431100573,0
2332,0,0.07855429359015811,0
2333,1,0.21596043707558654,0
2334,0,0.04203847769124888,0
2335,0,0.06534565903424623,0
2336,1,0.6823619793023262,1
2337,0,0.0530458076261605,0
2338,0,0.18764153720148383,0
2339,0,0.33715044473938355,0
2340,0,0.15466932874088773,0
2341,0,0.07208346315005384,0
2342,0,0.0836715189648486,0
2343,1,0.26201202560096415,0
2344,0,0.100434459316351,0
2345,0,0.17503790941159714,0
2346,0,0.18803754277276544,0
2347,0,0.20167353586576198,0
2348,0,0.10600898392945299,0
2349,0,0.04640418715605795,0
2350,1,0.14883143801891333,0
2351,0,0.14162142675883527,0
2352,0,0.23487907447887105,0
2353,0,0.0899591313924361,0
2354,1,0.18934824219057883,0
2355,1,0.06741336955177613,0
2356,0,0.09906194895703326,0
2357,0,0.06482173157060109,0
2358,0,0.22061491427079166,0
2359,0,0.12424567600960781,0
2360,0,0.10427562084984689,0
2361,1,0.796341987851123,1
2362,0,0.04248474597427338,0
2363,0,0.13896722543478948,0
2364,0,0.050440964925991295,0
2365,0,0.07304309295164661,0
2366,0,0.01999486201656831,0
2367,0,0.1335845316863182,0
2368,0,0.03586828517516678,0
2369,0,0.1084751763847451,0
2370,0,0.09605742608681163,0
2371,0,0.2640802709697928,0
2372,1,0.050893903593361295,0
2373,0,0.28288090016741874,0
2374,0,0.10503850777171171,0
2375,0,0.14751485857614302,0
2376,0,0.027867596486011344,0
2377,0,0.19742481087943278,0
2378,0,0.4307788664087388,0
2379,0,0.12079357682999908,0
2380,0,0.030668316446070848,0
2381,0,0.07546761778468412,0
2382,0,0.0737358476266825,0
2383,0,0.48382487953784054,0
2384,0,0.24830090930060839,0
2385,0,0.03614868773531952,0
2386,0,0.08049411444684627,0
2387,0,0.1845254927420531,0
2388,0,0.01749518625267767,0
2389,0,0.07094281624194504,0
2390,0,0.06435394785820867,0
2391,0,0.11379497813251245,0
2392,0,0.037114986669064626,0
2393,0,0.2051908995533751,0
2394,0,0.16196974527009494,0
2395,0,0.23030674343953006,0
2396,0,0.09732666830319397,0
2397,0,0.10085262926868646,0
2398,0,0.16133383182918615,0
2399,0,0.18604785084381517,0
2400,0,0.2126394158430933,0
2401,0,0.05377632253109243,0
2402,0,0.10370335003112172,0
2403,0,0.1058336334361158,0
2404,0,0.07089598092967955,0
2405,0,0.18199794614486622,0
2406,0,0.06548435377344966,0
2407,0,0.19738740003279567,0
2408,0,0.18745660429226366,0
2409,0,0.06999519407272964,0
2410,0,0.07549177407725167,0
2411,1,0.9815370475199982,1
2412,1,0.1148556168970028,0
2413,0,0.09871545575702954,0
2414,1,0.10940376851624396,0
2415,0,0.08944671077824978,0
2416,0,0.30283257674471387,0
2417,0,0.06683255849990133,0
2418,0,0.16738904956621428,0
2419,0,0.2917582917533996,0
2420,0,0.07510254325816974,0
2421,0,0.06964954134618116,0
2422,0,0.09213232213142783,0
2423,0,0.04817922013019415,0
2424,0,0.07269884395809799,0
2425,0,0.06895334407954398,0
2426,0,0.27725993202092086,0
2427,0,0.06920668754847675,0
2428,1,0.15073273064253995,0
2429,0,0.11413415701431971,0
2430,0,0.05288797265361866,0
2431,0,0.07628886119977892,0
2432,0,0.04024627227392508,0
2433,0,0.19165132566526502,0
2434,1,0.14623284324452535,0
2435,1,0.34855043195504265,0
2436,0,0.07501114432086135,0
2437,0,0.014741314836041757,0
2438,0,0.08671478072327277,0
2439,0,0.1711375858936436,0
2440,0,0.12342511704217315,0
2441,0,0.16969769450691063,0
2442,0,0.03656973911512178,0
2443,0,0.05750768565481642,0
2444,0,0.11368732295161413,0
2445,0,0.29481380272834923,0
2446,0,0.11680472348216943,0
2447,0,0.09876368159175697,0
2448,1,0.10986086996463526,0
2449,1,0.11335728960722158,0
2450,0,0.06703114462522385,0
2451,0,0.016639889653077007,0
2452,0,0.19771144904156474,0
2453,0,0.10783890817983469,0
2454,1,0.40497089064057373,0
2455,0,0.11389506417879142,0
2456,0,0.16805286136731076,0
2457,0,0.08624142203789256,0
2458,0,0.17723842859629277,0
2459,0,0.09816299291956443,0
2460,0,0.03758851669730609,0
2461,0,0.06987421208822835,0
2462,0,0.4099937408759555,0
2463,1,0.16736164341711568,0
2464,0,0.11610308632710249,0
2465,0,0.299038782086836,0
2466,0,0.02728217460499962,0
2467,0,0.2557327006557171,0
2468,0,0.0591894526458041,0
2469,0,0.33035751481193665,0
2470,0,0.09580152605525673,0
2471,0,0.06807827461489462,0
2472,0,0.1004070073609023,0
2473,1,0.11648542913602955,0
2474,0,0.10799751773999158,0
2475,1,0.7255132732857993,1
2476,0,0.04169595852385992,0
2477,0,0.7084920584645463,1
2478,0,0.29066392614801184,0
2479,0,0.16183380932939945,0
2480,0,0.19882118085179645,0
2481,0,0.02742746910978584,0
2482,0,0.08236728473123676,0
2483,0,0.3130481405222556,0
2484,0,0.2255999916045885,0
2485,0,0.3358364117606943,0
2486,0,0.046926718049254613,0
2487,0,0.06679183550638879,0
2488,0,0.20757873133172522,0
2489,0,0.07713812671844374,0
2490,0,0.15347987687528616,0
2491,0,0.07495349256610886,0
2492,1,0.1188897587468326,0
2493,1,0.49924206268140287,0
2494,0,0.3370779553315448,0
2495,0,0.1028448976689954,0
2496,0,0.1726887608932573,0
2497,0,0.05598647877706936,0
2498,0,0.3251877475428078,0
2499,0,0.0326151500561889,0
2500,0,0.17460672097162525,0
2501,1,0.19305606759607621,0
2502,0,0.035331862666550105,0
2503,0,0.08771374455104322,0
2504,0,0.1019496449350995,0
2505,0,0.1062161394467683,0
2506,0,0.16009157866249013,0
2507,0,0.258318377422207,0
2508,0,0.09208224529024436,0
2509,0,0.04284978953886693,0
2510,0,0.13008427405380873,0
2511,0,0.10266839353902299,0
2512,1,0.8112786399035943,1
2513,0,0.08200197911080342,0
2514,0,0.2101889888858501,0
2515,0,0.07853916535270863,0
2516,0,0.06518590758704511,0
2517,0,0.09343482968490398,0
2518,1,0.11767274409656582,0
2519,0,0.2832243888931597,0
2520,0,0.03279282477095403,0
2521,0,0.23595894090275338,0
2522,1,0.1498187790828376,0
2523,1,0.14154137389324942,0
2524,1,0.23785714653688828,0
2525,1,0.23141409561186999,0
2526,1,0.5212820055212467,1
2527,1,0.5367328682798126,1
2528,1,0.22192021443421664,0
2529,1,0.646221942871515,1
2530,1,0.1162567575617685,0
2531,1,0.07573696629718618,0
2532,1,0.3427714744545473,0
2533,1,0.21110564011921493,0
2534,1,0.058642580751350086,0
2535,1,0.08507989015514762,0
2536,1,0.3117126824652856,0
2537,1,0.18737715000008334,0
2538,1,0.7917580574938058,1
2539,1,0.1029427804841869,0
2540,1,0.5880667244123596,1
2541,1,0.3803085982354361,0
2542,1,0.22091119787993033,0
2543,1,0.11648542913602955,0
2544,1,0.1744740694666908,0
2545,1,0.3538702006351691,0
2546,1,0.46903166689221415,0
2547,1,0.3916823501032493,0
2548,1,0.704074083831392,1
2549,1,0.159667347594153,0
2550,1,0.16251616091187102,0
2551,1,0.11758573991341986,0
2552,0,0.04194524915369452,0
2553,0,0.040258725709935196,0
2554,0,0.16539016594397682,0
2555,0,0.046753260567935384,0
2556,0,0.07997979246102536,0
2557,0,0.06903416728633167,0
2558,0,0.20881658832212185,0
2559,0,0.2134751725589863,0
2560,0,0.06887463406136782,0
2561,0,0.07741311623793527,0
2562,0,0.06394877517114625,0
2563,0,0.10813959006373308,0
2564,0,0.13994417249968535,0
2565,0,0.11780354344434804,0
2566,0,0.06218305719475552,0
2567,0,0.09889649886469087,0
2568,0,0.14289480483103273,0
2569,0,0.6118473669341423,1
2570,0,0.05152818653300021,0
2571,0,0.16845673343106266,0
2572,0,0.07352558038786257,0
2573,0,0.13467831081485948,0
2574,0,0.11173016462347153,0
2575,0,0.09276995873676828,0
2576,0,0.3943497621065379,0
2577,0,0.2116354949969002,0
2578,0,0.06653488906304536,0
2579,0,0.1355845488963399,0
2580,0,0.0857054598662834,0
2581,0,0.061106390440927714,0
2582,0,0.08076896005059378,0
2583,1,0.8186263066666443,1
2584,1,0.9181421035186103,1
2585,1,0.14357959063155132,0
2586,1,0.8202060382608589,1
2587,1,0.3030963791857318,0
2588,1,0.39318310263278716,0
2589,1,0.9974064020733251,1
2590,1,0.13495030799515026,0
2591,1,0.2609160549226763,0
2592,1,0.22343169517529549,0
2593,1,0.6190481908948908,1
2594,1,0.8153533425721419,1
2595,1,0.35025072183055633,0
2596,1,0.8673829575983145,1
2597,1,0.6336570705143475,1
2598,1,0.18939643116793356,0
2599,1,0.7079557558671987,1
2600,1,0.9982185581630848,1
2601,1,0.9072908318390747,1
2602,1,0.738015819598336,1
2603,1,0.24722771680267475,0
2604,1,0.9481072076508408,1
2605,1,0.9638541897941869,1
2606,1,0.7453807910810429,1
2607,1,0.8586106376470095,1
2608,1,0.042171637666096676,0
2609,1,0.5159616650867259,1
2610,1,0.3168451509316091,0
2611,1,0.10926311196917779,0
2612,0,0.2074612875224617,0
2613,0,0.16287759671056054,0
2614,0,0.051501910566037666,0
2615,0,0.16125016479174695,0
2616,0,0.2173392549957699,0
2617,0,0.20747168834639299,0
2618,0,0.01688199954289023,0
2619,0,0.1059041845851801,0
2620,0,0.1532623207199475,0
2621,0,0.34763372342286974,0
2622,0,0.0386703050242976,0
2623,0,0.04916735764829698,0
2624,0,0.1500516338492227,0
2625,1,0.48459587580599023,0
2626,0,0.03832314997900365,0
2627,0,0.22969462767203944,0
2628,0,0.2114924784976242,0
2629,0,0.10575986159788654,0
2630,0,0.07269815167834068,0
2631,0,0.2299955439786334,0
2632,0,0.13285615343324128,0
2633,1,0.4058581785264601,0
2634,0,0.017567766361786103,0
2635,0,0.1483328586761951,0
2636,1,0.10202776066451229,0
2637,0,0.09699846731538427,0
2638,0,0.20080404234426813,0
2639,0,0.1221476030873302,0
2640,0,0.2246925381742937,0
2641,0,0.23265637710187173,0
2642,0,0.1464349082198966,0
2643,0,0.08251555483658239,0
2644,0,0.09426811201496482,0
2645,0,0.22207301213962036,0
2646,0,0.17948937797524916,0
2647,0,0.14739216901896743,0
2648,0,0.08429463944584713,0
2649,1,0.29784818347185,0
2650,0,0.05362236192225801,0
2651,0,0.22327221424590474,0
2652,0,0.09028741529803513,0
2653,0,0.13017064472978873,0
2654,0,0.04244151122185612,0
2655,0,0.045431464178686105,0
2656,0,0.13693329801603124,0
2657,0,0.03558686837550816,0
2658,0,0.08212641513278976,0
2659,0,0.17306575012456216,0
2660,0,0.015222667522052008,0
2661,1,0.4704939186137189,0
2662,0,0.144201013485024,0
2663,0,0.08522089998526093,0
2664,0,0.03945999061101359,0
2665,1,0.34090574050688016,0
2666,0,0.024523507552722167,0
2667,0,0.08047884066744355,0
2668,0,0.1898800194059539,0
2669,0,0.4069549319643812,0
2670,0,0.21207217834182723,0
2671,0,0.08528976577403068,0
2672,0,0.18182282786388565,0
2673,0,0.1262195341902495,0
2674,0,0.08849803924741566,0
2675,0,0.15703740970149183,0
2676,0,0.0728995936471908,0
2677,0,0.05463302548143683,0
2678,0,0.06161778541530057,0
2679,0,0.6184842371130339,1
2680,0,0.07613189662379531,0
2681,0,0.15977287491094008,0
2682,0,0.11526632874815822,0
2683,0,0.03159549308327995,0
2684,0,0.2981956692707159,0
2685,0,0.017391917023336017,0
2686,0,0.27633427530272087,0
2687,0,0.011763318465187814,0
2688,0,0.06196623137257669,0
2689,0,0.0782366363006264,0
2690,0,0.12655564820962364,0
2691,0,0.25218550126645206,0
2692,0,0.25561694999280216,0
2693,0,0.153216579645526,0
2694,0,0.1661008469262148,0
2695,0,0.2217592747367625,0
2696,1,0.2781661594769473,0
2697,1,0.14310375743280024,0
2698,0,0.195226436616429,0
2699,0,0.0858451261992995,0
2700,0,0.14352015902294846,0
2701,0,0.038370723629897074,0
2702,0,0.15534706156433695,0
2703,0,0.16936496335267764,0
2704,0,0.6607038213400453,1
2705,0,0.2364681422866063,0
2706,0,0.1538146870964013,0
2707,0,0.2005158796134991,0
2708,0,0.092706348990676,0
2709,1,0.1466360419443329,0
2710,0,0.08991449796912453,0
2711,1,0.5202083839937693,1
2712,0,0.041835614069870124,0
2713,0,0.15916666947774225,0
2714,0,0.09105454922973533,0
2715,0,0.0488098496618518,0
2716,0,0.0401577965119756,0
2717,0,0.015383821019409877,0
2718,0,0.06069028894462603,0
2719,1,0.33989801084820087,0
2720,0,0.06828524954230168,0
2721,1,0.19006292744427478,0
2722,0,0.11471526588401999,0
2723,0,0.044531293168453424,0
2724,0,0.041188006162967875,0
2725,0,0.03316046590388089,0
2726,0,0.0377392685848001,0
2727,0,0.11264763624021933,0
2728,0,0.10583980543668248,0
2729,0,0.2602251695316532,0
2730,0,0.15240506106041501,0
2731,0,0.05826230373468447,0
2732,0,0.17634213871843055,0
2733,0,0.18920342885075006,0
2734,0,0.018768215152209236,0
2735,0,0.3108522815053969,0
2736,0,0.12177948865241672,0
2737,1,0.09042269595431683,0
2738,0,0.11791760077728355,0
2739,0,0.19080064531941088,0
2740,0,0.20595385771180588,0
2741,0,0.09731293149999454,0
2742,0,0.031471036817422644,0
2743,0,0.09269586273525854,0
2744,0,0.09848666157864999,0
2745,0,0.22011837193067837,0
2746,0,0.3157734884559833,0
2747,0,0.29272340384438494,0
2748,0,0.09106779452754814,0
2749,0,0.2811967297665835,0
2750,0,0.5075475103377811,1
2751,0,0.08075191486304625,0
2752,1,0.11767274409656582,0
2753,1,0.38609026833179155,0
2754,1,0.9964025180041478,1
2755,0,0.05946783775701806,0
2756,0,0.09405883883708958,0
2757,0,0.11710960335851336,0
2758,0,0.05970205280247976,0
2759,1,0.08710844586040245,0
2760,0,0.031794825177350945,0
2761,1,0.6751096800745309,1
2762,0,0.14269179157928819,0
2763,0,0.11390287802061551,0
2764,0,0.1072861351882329,0
2765,0,0.09687298494050038,0
2766,0,0.1867643261806694,0
2767,0,0.0813698076147135,0
2768,0,0.10302625444780208,0
2769,0,0.05596415089583303,0
2770,0,0.07595430727628148,0
2771,0,0.13945368601555355,0
2772,0,0.09284278242177288,0
2773,0,0.06192658896264347,0
2774,0,0.1967540753490584,0
2775,0,0.21040926049192074,0
2776,0,0.2206607804485009,0
2777,0,0.0994762866295758,0
2778,1,0.48361811726140286,0
2779,1,0.5645924225263843,1
2780,0,0.11086766054004618,0
2781,0,0.07637166494632514,0
2782,0,0.2852588711831386,0
2783,1,0.5105436262696567,1
2784,0,0.10847676697767386,0
2785,1,0.9308515332124354,1
2786,0,0.23879329523546983,0
2787,0,0.05637319089918119,0
2788,0,0.0963519079876852,0
2789,0,0.053370946159218606,0
2790,0,0.2824784773070894,0
2791,0,0.057365809902517606,0
2792,0,0.2471262038008017,0
2793,0,0.10459500724002863,0
2794,0,0.14916295674767666,0
2795,1,0.13915077312198856,0
2796,0,0.19227467807843196,0
2797,0,0.11271370227652722,0
2798,0,0.1880102021161579,0
2799,0,0.21052820199315156,0
2800,0,0.7665390949834878,1
2801,1,0.28741630453669614,0
2802,1,0.10351460489809275,0
2803,0,0.06952123588885512,0
2804,0,0.05574097596813122,0
2805,0,0.14708759820713943,0
2806,0,0.28648287266321737,0
2807,0,0.11379619161647227,0
2808,0,0.15920018717249457,0
2809,0,0.030913616621007275,0
2810,0,0.10616762199930284,0
2811,0,0.25643166833007264,0
2812,0,0.06565771756706958,0
2813,1,0.39704533990207935,0
2814,0,0.11995977999394827,0
2815,0,0.204597113044428,0
2816,0,0.14221820009665054,0
2817,0,0.06230716135061013,0
2818,0,0.04487905346616609,0
2819,0,0.10272383862961945,0
2820,0,0.20118090936434294,0
2821,0,0.37802424558138087,0
2822,0,0.028231090011227557,0
2823,1,0.2565898029236279,0
2824,1,0.8928241745645278,1
2825,1,0.21005402209276602,0
2826,0,0.03435868589544195,0
2827,0,0.18320917456390096,0
2828,0,0.17543319743991767,0
2829,1,0.12040359270304307,0
2830,0,0.10308476862135856,0
2831,0,0.09644560836557332,0
2832,0,0.2250993041407265,0
2833,0,0.7712506640377454,1
2834,0,0.010543426693017615,0
2835,0,0.3904120997431755,0
2836,0,0.11012769280265586,0
2837,0,0.15833496787298731,0
2838,0,0.010376932915733439,0
2839,0,0.084561567083163,0
2840,1,0.19768080279602468,0
2841,0,0.062075680141730184,0
2842,1,0.6363693100752625,1
2843,0,0.24360400157462148,0
2844,0,0.07357747951425259,0
2845,0,0.12724343672415114,0
2846,0,0.10563328595444885,0
2847,0,0.15567315426844322,0
2848,0,0.632721367831049,1
2849,0,0.11205693515479728,0
2850,0,0.617199085628523,1
2851,0,0.135364598502429,0
2852,0,0.32017563637339125,0
2853,0,0.26356675914540256,0
2854,0,0.15959448157382036,0
2855,0,0.037401329187179755,0
2856,0,0.04513030280173795,0
2857,0,0.47139997242385073,0
2858,0,0.10001824328884593,0
2859,0,0.11016302073324628,0
2860,0,0.07051862451927418,0
2861,1,0.2210956780779041,0
2862,1,0.4750732100207564,0
2863,0,0.20353059054624098,0
2864,0,0.12818167333609606,0
2865,1,0.02930816467316443,0
2866,0,0.6167416029913184,1
2867,0,0.03460241102879827,0
2868,0,0.16456520050819948,0
2869,0,0.15895565588015276,0
2870,0,0.2530247230756134,0
2871,0,0.1509743855003018,0
2872,0,0.02710238343099725,0
2873,0,0.18050232454668064,0
2874,0,0.017090721939705372,0
2875,0,0.07806097732773264,0
2876,0,0.034764002709609894,0
2877,0,0.07759877992084581,0
2878,0,0.08583599562708806,0
2879,0,0.444792348346669,0
2880,0,0.027975025561261226,0
2881,0,0.17438003905607888,0
2882,0,0.08778309239632094,0
2883,0,0.1487464273017498,0
2884,1,0.1983449660494329,0
2885,0,0.17031577890345775,0
2886,0,0.15345386329788807,0
2887,0,0.11572437991278445,0
2888,0,0.15117115091584193,0
2889,0,0.13452697135243702,0
2890,0,0.055515843320953155,0
2891,0,0.11613988516815804,0
2892,0,0.16849852199001453,0
2893,0,0.033225425581317976,0
2894,1,0.20880599721199755,0
2895,1,0.1309152806380784,0
2896,1,0.6769673080209093,1
2897,1,0.09358285465404088,0
2898,1,0.6438397033140176,1
2899,0,0.03435153303938999,0
2900,0,0.17843174133239242,0
2901,0,0.04451948012491501,0
2902,0,0.09460069252053763,0
2903,0,0.2203097029501287,0
2904,0,0.2446863104801858,0
2905,0,0.17182795349845773,0
2906,0,0.03579990866141131,0
2907,0,0.16625237451375305,0
2908,0,0.056926103189141306,0
2909,0,0.04564979081615184,0
2910,0,0.07543744011239671,0
2911,0,0.06508773448082769,0
2912,0,0.5721644812193843,1
2913,0,0.1763680503696739,0
2914,1,0.7020041096872549,1
2915,0,0.2697120670678474,0
2916,0,0.16639296612688584,0
2917,1,0.3150241193026376,0
2918,0,0.03851477002722938,0
2919,0,0.07516543457445012,0
2920,0,0.0975945012949767,0
2921,0,0.1282654902286683,0
2922,0,0.13432686125122062,0
2923,0,0.10283771862145973,0
2924,0,0.0890918272844754,0
2925,1,0.1859311508561513,0
2926,1,0.11563848299812474,0
2927,0,0.21865459399776618,0
2928,0,0.11619573285411114,0
2929,0,0.04073798606419096,0
2930,0,0.07338777633595751,0
2931,0,0.11906069264216952,0
2932,0,0.2015966077317847,0
2933,0,0.021820362849586678,0
2934,0,0.31669708065040536,0
2935,0,0.33911581102048677,0
2936,0,0.2805659809636285,0
2937,0,0.05860514053721298,0
2938,0,0.10066479942045353,0
2939,0,0.15895147818367267,0
2940,0,0.17200660704480747,0
2941,0,0.054085753734721354,0
2942,0,0.1013097884014573,0
2943,0,0.08298449981229394,0
2944,0,0.03558931113216046,0
2945,0,0.4567032557089451,0
2946,0,0.0950876477025738,0
2947,0,0.1943362031126048,0
2948,0,0.058837450071121844,0
2949,1,0.9762868147597233,1
2950,0,0.17600322357057877,0
2951,0,0.05676434269424615,0
2952,1,0.10823691751935417,0
2953,0,0.11332662555699603,0
2954,0,0.09482770147605125,0
2955,1,0.06090426284597609,0
2956,1,0.995276882230129,1
2957,0,0.03213209053323825,0
2958,0,0.2039357124790531,0
2959,0,0.12968752800769004,0
2960,0,0.033317392925722195,0
2961,1,0.18826963189654544,0
2962,1,0.10501727550341362,0
2963,1,0.9175329505529604,1
2964,0,0.029588254512975663,0
2965,0,0.08718774099601939,0
2966,1,0.06909264222591076,0
2967,0,0.05158294532321612,0
2968,0,0.07540983392025434,0
2969,0,0.08485705038450966,0
2970,0,0.09418200977980704,0
2971,0,0.21686020372180403,0
2972,0,0.10482784396112298,0
2973,1,0.08817983611118774,0
2974,0,0.06736884989267403,0
2975,0,0.03430839928322373,0
2976,1,0.2812491784162696,0
2977,0,0.07880982733198572,0
2978,0,0.0867231009745737,0
2979,0,0.04093654236701431,0
2980,0,0.17011163876558072,0
2981,0,0.13896747569453025,0
2982,0,0.0700099104841501,0
2983,0,0.17782274904182904,0
2984,0,0.07052349165163088,0
2985,0,0.08554672969846354,0
2986,0,0.11612466820743782,0
2987,0,0.13665274926786664,0
2988,0,0.12294295539857361,0
2989,1,0.8366209984839208,1
2990,0,0.03164820615314132,0
2991,0,0.17917623596030605,0
2992,0,0.03690307896294171,0
2993,0,0.17472754191832532,0
2994,0,0.08572869928289233,0
2995,1,0.2689916169900818,0
2996,0,0.1724925648744652,0
2997,0,0.040520567451573265,0
2998,0,0.03713904405369233,0
2999,0,0.18055946491967573,0
3000,0,0.09559555600962491,0
3001,0,0.07802953753040943,0
3002,0,0.08964846295639696,0
3003,0,0.10348133633119531,0
3004,0,0.1401559168676191,0
3005,0,0.1335395472786607,0
3006,0,0.12207512575603406,0
3007,0,0.13694349464785016,0
3008,0,0.1684822936221721,0
3009,0,0.27821718309862625,0
3010,0,0.46478240359297696,0
3011,0,0.0385825967599311,0
3012,1,0.3076584264379877,0
3013,0,0.2991987960546167,0
3014,0,0.014527283443439598,0
3015,1,0.15211118875183427,0
3016,0,0.1469615936304423,0
3017,0,0.09946889829665789,0
3018,0,0.3297149396293672,0
3019,1,0.3021302847680865,0
3020,0,0.18033115201375424,0
3021,0,0.10521004449005379,0
3022,1,0.09695963937559252,0
3023,1,0.23486261788564147,0
3024,0,0.023959304351680442,0
3025,0,0.17708470569827256,0
3026,0,0.06718620335025507,0
3027,0,0.07016145598588416,0
3028,0,0.12606905207343289,0
3029,1,0.7555847136893415,1
3030,1,0.19480129836658172,0
3031,1,0.5101733689432086,1
3032,0,0.08891660654437118,0
3033,0,0.1327455090872831,0
3034,0,0.04273244542222402,0
3035,1,0.20428101729111917,0
3036,0,0.03745352051108184,0
3037,0,0.11628290465773353,0
3038,0,0.2307337501806598,0
3039,0,0.15127838852661757,0
3040,0,0.1543497426027967,0
3041,0,0.12399900420780424,0
3042,0,0.05470759593500499,0
3043,0,0.162232046521985,0
3044,0,0.11048938042186765,0
3045,0,0.060488227505234624,0
3046,0,0.044514515092958964,0
3047,0,0.11303956489148564,0
3048,0,0.3314848806983672,0
3049,0,0.07112629206720032,0
3050,0,0.057508505466637584,0
3051,0,0.13237076010045548,0
3052,0,0.04242201446705684,0
3053,0,0.1672546843528219,0
3054,0,0.21084113028478849,0
3055,0,0.10828779831632696,0
3056,1,0.5847849450575673,1
3057,0,0.2791743183191609,0
3058,0,0.2298040456805932,0
3059,0,0.07907186857085798,0
3060,0,0.2244544531124701,0
3061,0,0.16479499820352675,0
3062,0,0.03043329032433592,0
3063,0,0.1547995762496637,0
3064,0,0.08162770684213486,0
3065,0,0.09818883135491893,0
3066,0,0.06890001383851865,0
3067,0,0.1158144787534372,0
3068,0,0.20551099325050978,0
3069,0,0.12852435633871925,0
3070,0,0.03277548445602033,0
3071,0,0.18856879790185263,0
3072,0,0.1324171401448952,0
3073,0,0.6393225377978828,1
3074,0,0.22212399786433062,0
3075,0,0.09010689228497086,0
3076,0,0.10319035137341534,0
3077,1,0.1331030077654659,0
3078,0,0.19488961129264526,0
3079,0,0.27020345863421,0
3080,0,0.1798837226583564,0
3081,0,0.016611988022867386,0
3082,0,0.10750877728056038,0
3083,0,0.04213590415063337,0
3084,0,0.07132121244659714,0
3085,0,0.08558190681415208,0
3086,0,0.20146048478063688,0
3087,1,0.7648085351564502,1
3088,1,0.3350334276499404,0
3089,0,0.25556478533273613,0
3090,1,0.10890039731370033,0
3091,0,0.12944612855808432,0
3092,0,0.14924171546539514,0
3093,0,0.11004531984981579,0
3094,1,0.9328014148778575,1
3095,1,0.97110168247614,1
3096,0,0.035625698858626986,0
3097,0,0.08951778634024288,0
3098,1,0.0001509330115997049,0
3099,1,0.3885289983382971,0
3100,0,0.11898365412806843,0
3101,0,0.04036146461978365,0
3102,0,0.040039277977247816,0
3103,0,0.17778950528793563,0
3104,0,0.08840749510033052,0
3105,0,0.04222817516368013,0
3106,0,0.04359438783418865,0
3107,0,0.081241941222266,0
3108,0,0.12741862612440114,0
3109,0,0.09281612414271431,0
3110,0,0.2636533097510532,0
3111,0,0.07690593226468243,0
3112,0,0.11921906690764207,0
3113,0,0.03904128573306473,0
3114,0,0.17317724496065287,0
3115,1,0.95094056158297,1
3116,1,0.07448484679531618,0
3117,0,0.17183672329121344,0
3118,0,0.05850382056781065,0
3119,0,0.08974395064410871,0
3120,0,0.05552711988624666,0
3121,0,0.07632464391300453,0
3122,0,0.029291335629873738,0
3123,0,0.11471447227279405,0
3124,0,0.04127970113194064,0
3125,0,0.11099981826385874,0
3126,0,0.051854974774399834,0
3127,0,0.04548836469219349,0
3128,0,0.08800019263749954,0
3129,0,0.10377714527181396,0
3130,0,0.1711227229819775,0
3131,1,0.11842232641880701,0
3132,0,0.0761529454581536,0
3133,1,0.31469814769189164,0
3134,0,0.11889458951576308,0
3135,0,0.15882520472921663,0
3136,0,0.07824355239646341,0
3137,0,0.08499395981202408,0
3138,0,0.07910509690636953,0
3139,0,0.08208459239290582,0
3140,0,0.031337566582138036,0
3141,0,0.07399047425851137,0
3142,0,0.02685644083411442,0
3143,0,0.07631042906169029,0
3144,0,0.1179124074873278,0
3145,0,0.03765317895858843,0
3146,0,0.0525764719425045,0
3147,0,0.0738546823131371,0
3148,0,0.07117508180985295,0
3149,0,0.18660916248398043,0
3150,0,0.1247776643457322,0
3151,0,0.10038276286047024,0
3152,1,0.11758573991341986,0
3153,1,0.2973278746343836,0
3154,0,0.15817480597037228,0
3155,0,0.13320567297811403,0
3156,0,0.06297079766829887,0
3157,0,0.14250156779841272,0
3158,0,0.1092175969268034,0
3159,0,0.13116579940502604,0
3160,0,0.18417954062186084,0
3161,1,0.2219074057390812,0
3162,1,0.8461536781086091,1
3163,1,0.19056635683195483,0
3164,1,0.7080714205618412,1
3165,1,0.37399412958862466,0
3166,1,0.7251003203664595,1
3167,1,0.610285990587222,1
3168,1,0.04721734051237132,0
3169,1,0.2943570087312314,0
3170,0,0.052793105908745995,0
3171,0,0.17033057402060436,0
3172,0,0.16457064689084386,0
3173,0,0.4974890759632498,0
3174,1,0.8352135545997611,1
3175,0,0.16833225261788748,0
3176,0,0.11985380122607822,0
3177,0,0.07337430315592142,0
3178,0,0.04150218434680993,0
3179,0,0.1771185655779333,0
3180,0,0.14092728430403972,0
3181,0,0.12844278629667405,0
3182,0,0.009723163044651774,0
3183,0,0.1170591190379111,0
3184,0,0.0398661899569486,0
3185,0,0.17885061799980057,0
3186,0,0.07253844144515709,0
3187,0,0.46862113625797613,0
3188,0,0.12101334929100192,0
3189,0,0.2039972294547109,0
3190,0,0.09963251859685841,0
3191,0,0.3075337128836525,0
3192,0,0.11321925286601087,0
3193,1,0.10172456144644754,0
3194,0,0.03723283053697503,0
3195,0,0.11225093350475204,0
3196,0,0.10655142317259264,0
3197,0,0.12793272935581887,0
3198,0,0.12502029777752538,0
3199,0,0.030403580916511314,0
3200,0,0.060918629835053924,0
3201,0,0.15128442661508892,0
3202,0,0.06523982089575232,0
3203,0,0.10007701941480399,0
3204,0,0.07668883009820993,0
3205,0,0.04836481082035294,0
3206,0,0.23730954528709633,0
3207,0,0.15589592599737118,0
3208,0,0.26257550005875535,0
3209,0,0.14276949077626774,0
3210,0,0.09230362466851406,0
3211,0,0.08483159711709061,0
3212,1,0.10325285643396488,0
3213,0,0.11922493564359232,0
3214,1,0.47186204115878955,0
3215,1,0.11229587507317665,0
3216,0,0.08970419230198744,0
3217,0,0.2018761750371999,0
3218,0,0.1989529904957746,0
3219,0,0.14161396048044386,0
3220,0,0.07800912204244946,0
3221,0,0.7914551819862374,1
3222,0,0.15846428063824441,0
3223,0,0.04335833953795956,0
3224,0,0.07698585532161713,0
3225,0,0.08967658822656613,0
3226,0,0.09815989215305215,0
3227,0,0.03318228357047546,0
3228,0,0.11364033995787792,0
3229,0,0.13371781303654515,0
3230,0,0.16507152458159324,0
3231,0,0.250724011060623,0
3232,0,0.1803188744716115,0
3233,0,0.11878020295064474,0
3234,1,0.748266694792857,1
3235,0,0.17264462469376368,0
3236,0,0.11671312396804152,0
3237,0,0.09053472680223464,0
3238,0,0.18927086594697234,0
3239,0,0.04327274880234195,0
3240,0,0.07189914267748437,0
3241,0,0.13674840797091858,0
3242,1,0.956440019895914,1
3243,0,0.16444761370467814,0
3244,0,0.8792381867624764,1
3245,0,0.2687020608631649,0
3246,0,0.07062301515510552,0
3247,0,0.07145015568024433,0
3248,0,0.1290733492232464,0
3249,0,0.08914590986950383,0
3250,0,0.035269444822448,0
3251,0,0.13002833980285383,0
3252,0,0.09232197209092952,0
3253,0,0.07833860594118658,0
3254,0,0.14904023211734183,0
3255,0,0.20042566177880627,0
3256,0,0.09370497014715892,0
3257,0,0.10701842901998951,0
3258,0,0.15982385162145532,0
3259,0,0.07286623831514528,0
3260,0,0.14965109654255224,0
3261,1,0.38076125631909785,0
3262,0,0.09912353352002129,0
3263,0,0.11458857179993906,0
3264,1,0.8866597415253572,1
3265,0,0.1314783228978453,0
3266,0,0.07827727749710767,0
3267,0,0.10404390770869565,0
3268,0,0.08036326978787708,0
3269,0,0.032976633884674734,0
3270,0,0.20414810305023018,0
3271,0,0.12218419821606755,0
3272,0,0.4497669192852008,0
3273,0,0.2445579890787469,0
3274,1,0.331658989344643,0
3275,0,0.1923441159457482,0
3276,0,0.1077974398748629,0
3277,0,0.09615363216938133,0
3278,0,0.14134268045687118,0
3279,0,0.09041880267118092,0
3280,1,0.9976637207098409,1
3281,0,0.12762658745632782,0
3282,0,0.1443766585753176,0
3283,0,0.08379644040924265,0
3284,0,0.1658399292334104,0
3285,0,0.18576944684790966,0
3286,1,0.25018568816478254,0
3287,1,0.9265822401427993,1
3288,1,0.4509653048880783,0
3289,0,0.3013916334635494,0
3290,0,0.04423885680347936,0
3291,0,0.16990321954393997,0
3292,0,0.10363578949027391,0
3293,1,0.1349295520641926,0
3294,0,0.14972976005460492,0
3295,0,0.06397894427470222,0
3296,0,0.16970265430586473,0
3297,0,0.09010871407901132,0
3298,0,0.09956518364060452,0
3299,0,0.167685971459177,0
3300,0,0.0767935334462421,0
3301,0,0.6213674834360571,1
3302,0,0.16415135469619602,0
3303,0,0.12602673220607483,0
3304,0,0.13101953051698267,0
3305,0,0.13817106998422368,0
3306,1,0.8842652027143796,1
3307,0,0.1079191416228194,0
3308,0,0.038470984691709724,0
3309,0,0.11251360334023197,0
3310,0,0.6467922212879855,1
3311,0,0.1185522162263386,0
3312,0,0.0752960712583724,0
3313,0,0.13343644047311948,0
3314,0,0.05784070184729183,0
3315,0,0.1032165888584567,0
3316,0,0.07345240984925763,0
3317,0,0.2075492709257747,0
3318,0,0.2898337606756527,0
3319,0,0.09414241835903941,0
3320,0,0.14593582326877771,0
3321,0,0.18535749908884463,0
3322,0,0.07270222229670077,0
3323,0,0.10824563817362465,0
3324,0,0.06610770607821201,0
3325,0,0.1340261394078954,0
3326,0,0.029868288506821838,0
3327,0,0.637585799831702,1
3328,0,0.142831189017289,0
3329,0,0.08229878244958863,0
3330,0,0.24509123285903525,0
3331,0,0.11484207803679188,0
3332,0,0.1597696896278004,0
3333,0,0.18946299089605195,0
3334,0,0.18742544708722667,0
3335,1,0.48054432839098365,0
3336,0,0.08110811418192117,0
3337,0,0.274075547990854,0
3338,0,0.19855156326385545,0
3339,0,0.09804752396699527,0
3340,0,0.16020932376067665,0
3341,0,0.09075286611736497,0
3342,0,0.035179784639297926,0
3343,0,0.10813444194155226,0
3344,0,0.14266256490531523,0
3345,0,0.10182687069504723,0
3346,0,0.20858570963383108,0
3347,0,0.08286440488134848,0
3348,0,0.06770308930715797,0
3349,0,0.10036599481158524,0
3350,0,0.7490362230985013,1
3351,0,0.12974072299545142,0
3352,0,0.03687820719279727,0
3353,0,0.047249655459481114,0
3354,0,0.17429123411949426,0
3355,0,0.17419772719602225,0
3356,0,0.037403460284759486,0
3357,0,0.06183001245031398,0
3358,0,0.029886646821595714,0
3359,0,0.15324635286059238,0
3360,0,0.030272650881343805,0
3361,0,0.08476899264445113,0
3362,1,0.5594206587046584,1
3363,0,0.07699897658160398,0
3364,0,0.07818347941624061,0
3365,0,0.1276325576450709,0
3366,0,0.09581791402908739,0
3367,0,0.36951983630972607,0
3368,0,0.12024913773436298,0
3369,0,0.24124776053991537,0
3370,0,0.1901333707311521,0
3371,1,0.5151740284116357,1
3372,0,0.15451027133041836,0
3373,0,0.5134946307885258,1
3374,1,0.21229684265632742,0
3375,0,0.1058082631165799,0
3376,0,0.17331265391367695,0
3377,0,0.10639714093050986,0
3378,1,0.27585923558519393,0
3379,0,0.10840756504527617,0
3380,0,0.1538962845869926,0
3381,0,0.08382309054772508,0
3382,0,0.12758309613545982,0
3383,0,0.06304012699965937,0
3384,0,0.07758172573091679,0
3385,0,0.0327913635455246,0
3386,0,0.15781582214855805,0
3387,0,0.07498356700777575,0
3388,0,0.031076413578781718,0
3389,0,0.11198458436234635,0
3390,0,0.12876543382623482,0
3391,0,0.13210878561773337,0
3392,0,0.050781513254600404,0
3393,0,0.0643707546533882,0
3394,0,0.1266655779204241,0
3395,0,0.08502728548935518,0
3396,0,0.0986606384015578,0
3397,0,0.08950200877439597,0
3398,0,0.10671972403374198,0
3399,0,0.14930977216459454,0
3400,1,0.1488182633271313,0
3401,1,0.5181118002182713,1
3402,1,0.13516239004276545,0
3403,1,0.38917807553248335,0
3404,1,0.5297797788747542,1
3405,1,0.8521166203110851,1
3406,0,0.11052663944272757,0
3407,0,0.44521243253685644,0
3408,0,0.15627107965876252,0
3409,1,0.16953096500728257,0
3410,0,0.10946934849293526,0
3411,0,0.10286092053130576,0
3412,0,0.5513525544773051,1
3413,1,0.17257725714704808,0
3414,0,0.12067615210886952,0
3415,0,0.11787186716547762,0
3416,0,0.03639748885015001,0
3417,0,0.09088226179699056,0
3418,0,0.16541422908012385,0
3419,0,0.1081402925443312,0
3420,0,0.04023363325607207,0
3421,0,0.7769513907073835,1
3422,0,0.1330819190794497,0
3423,1,0.9911961921207696,1
3424,0,0.02854432946879215,0
3425,0,0.21871463555939785,0
3426,0,0.11535199284345624,0
3427,0,0.17484829911815958,0
3428,0,0.13476161209914,0
3429,0,0.07866611510766724,0
3430,0,0.056222702618234685,0
3431,0,0.22099791241462577,0
3432,0,0.10086501973159083,0
3433,0,0.10185577765835294,0
3434,0,0.12166619359335248,0
3435,0,0.09256501888756465,0
3436,0,0.027276848710986935,0
3437,0,0.5226982006492902,1
3438,0,0.28164779800065626,0
3439,0,0.18091448874934768,0
3440,1,0.6136752622078394,1
3441,0,0.1044717316336788,0
3442,0,0.17004071528964057,0
3443,0,0.03022656411789703,0
3444,0,0.14542812464422888,0
3445,1,0.12698601462214038,0
3446,0,0.24181086689811912,0
3447,1,0.4852301330827156,0
3448,0,0.06271633665796528,0
3449,0,0.2647408739311686,0
3450,0,0.05638704231721123,0
3451,0,0.2578807139046929,0
3452,0,0.034192802782882066,0
3453,0,0.05477006948215339,0
3454,0,0.1889936240397965,0
3455,0,0.10122723723187438,0
3456,1,0.9099213302166168,1
3457,0,0.08779192532687793,0
3458,0,0.09040935496646722,0
3459,0,0.03211462519627007,0
3460,0,0.10830627580181018,0
3461,0,0.05780318845442566,0
3462,0,0.1815703462749239,0
3463,0,0.16741066240664332,0
3464,0,0.06392312713919175,0
3465,0,0.05598629363378236,0
3466,0,0.1160893055899318,0
3467,0,0.11371162491919022,0
3468,0,0.10096098864160419,0
3469,0,0.21045474735526284,0
3470,0,0.19078036545332355,0
3471,0,0.4490328229109126,0
3472,1,0.6362991444922698,1
3473,0,0.10649235822989943,0
3474,0,0.16122941671364302,0
3475,0,0.11007917684089692,0
3476,0,0.15116082174053322,0
3477,0,0.08296402007310733,0
3478,0,0.10139328902147458,0
3479,0,0.05672393437337769,0
3480,0,0.164787221855457,0
3481,0,0.07044322032483787,0
3482,0,0.6352101793263568,1
3483,1,0.0803521122485608,0
3484,0,0.06754964464732999,0
3485,0,0.08765452747168148,0
3486,0,0.17923904415511976,0
3487,0,0.060784747493243,0
3488,1,0.14648009623131172,0
3489,1,0.16525490928929132,0
3490,0,0.12440053779411833,0
3491,0,0.10947382392398555,0
3492,0,0.18631150218362186,0
3493,0,0.08223884521837486,0
3494,0,0.03635368639486494,0
3495,0,0.1796418026074336,0
3496,0,0.1279121038522137,0
3497,0,0.07493566719116411,0
3498,1,0.22912633010692074,0
3499,0,0.11929950829791988,0
3500,0,0.0985763604679307,0
3501,0,0.11565448307133132,0
3502,0,0.13371668289536875,0
3503,0,0.08902908429652798,0
3504,0,0.03770488107785818,0
3505,0,0.13521025356019564,0
3506,0,0.04928794404572406,0
3507,0,0.08263302614054772,0
3508,0,0.06890112591374424,0
3509,0,0.0834164589350643,0
3510,0,0.10040310230302632,0
3511,0,0.1548247413317002,0
3512,0,0.07340964325454964,0
3513,0,0.4064542810669262,0
3514,0,0.4084250073615722,0
3515,0,0.13800861059275168,0
3516,0,0.06250375866453421,0
3517,0,0.03778602061659586,0
3518,0,0.1346723987055996,0
3519,0,0.48976646845387145,0
3520,1,0.5765346740205933,1
3521,0,0.21290127505167675,0
3522,0,0.33472825784626714,0
3523,1,0.2661476202461388,0
3524,0,0.08802829687065887,0
3525,0,0.2072473661962367,0
3526,0,0.12400655705168027,0
3527,0,0.10154019637940652,0
3528,0,0.07670879781037453,0
3529,0,0.4681098765237002,0
3530,0,0.16563519879097346,0
3531,0,0.10532177964157129,0
3532,0,0.04171254904125446,0
3533,0,0.16480484687119276,0
3534,0,0.040553910754305075,0
3535,0,0.09512251920709845,0
3536,0,0.125360220617223,0
3537,1,0.5052595631087072,1
3538,0,0.07810465190381524,0
3539,0,0.20653360988954886,0
3540,0,0.08667509764772346,0
3541,0,0.07796092710021353,0
3542,0,0.10004338870245741,0
3543,0,0.17619972103909076,0
3544,0,0.09871934649171325,0
3545,0,0.170070986867942,0
3546,1,0.09921088074800848,0
3547,0,0.29119016912231754,0
3548,0,0.034933020711536276,0
3549,0,0.08116508730833444,0
3550,0,0.6384171630567422,1
3551,1,0.6332864934128011,1
3552,0,0.0955657512067494,0
3553,0,0.05926763890540843,0
3554,0,0.14135414622889134,0
3555,0,0.051076450339416546,0
3556,0,0.1475797196781669,0
3557,0,0.06469355079047247,0
3558,0,0.12437495517769148,0
3559,0,0.11414057319658368,0
3560,0,0.5374453980244714,1
3561,0,0.08544271162530946,0
3562,1,0.8952599664026759,1
3563,0,0.2829849999184975,0
3564,0,0.14114934078706798,0
3565,1,0.5126313416660888,1
3566,0,0.29102854963405134,0
3567,0,0.19651583870983869,0
3568,0,0.024984356656677184,0
3569,0,0.12475669064238883,0
3570,0,0.03364281010698439,0
3571,0,0.19517362573983296,0
3572,0,0.15949664351896542,0
3573,0,0.1665526054512817,0
3574,1,0.2584580082275649,0
3575,0,0.03737097935262179,0
3576,1,0.3863891509620638,0
3577,0,0.11345332011044675,0
3578,0,0.06262146958365286,0
3579,0,0.053341681841109184,0
3580,0,0.42336757539436265,0
3581,1,0.6018176379280917,1
3582,0,0.08820058880687841,0
3583,0,0.06453190539873979,0
3584,0,0.06805058937815833,0
3585,0,0.06455578474103293,0
3586,0,0.09179113517631014,0
3587,0,0.24361957468186407,0
3588,0,0.15395008588852754,0
3589,0,0.20425790733788296,0
3590,0,0.20856017944566801,0
3591,0,0.0312226635252576,0
3592,0,0.20431692780114283,0
3593,0,0.08679313120437851,0
3594,1,0.9670224990553604,1
3595,0,0.4583584793805693,0
3596,1,0.3259570018902318,0
3597,0,0.11031360224311304,0
3598,0,0.09058944222545094,0
3599,0,0.04131078840864085,0
3600,0,0.05549052676689157,0
3601,1,0.18503037135320907,0
3602,0,0.1143729823846212,0
3603,0,0.11337297378917635,0
3604,0,0.5753990519616496,1
3605,1,0.7009287589864468,1
3606,0,0.06955767263482972,0
3607,0,0.04420052310852269,0
3608,0,0.04294225547183921,0
3609,0,0.09145961765885692,0
3610,0,0.16716015673870666,0
3611,0,0.029827846434376425,0
3612,0,0.19858403561535412,0
3613,0,0.3078403672890665,0
3614,0,0.13169195679267254,0
3615,0,0.031081903602731005,0
3616,0,0.07581353381857814,0
3617,0,0.032667208884424856,0
3618,0,0.03131125752318308,0
3619,0,0.15076117794876784,0
3620,0,0.14138989864234236,0
3621,0,0.11529043975464111,0
3622,0,0.178540571994239,0
3623,0,0.11462493877364943,0
3624,0,0.07070549534038087,0
3625,0,0.16753779794888254,0
3626,1,0.3107640896703901,0
3627,1,0.4155755913319458,0
3628,1,0.4516640892581836,0
3629,1,0.4167732535192656,0
3630,1,0.21372781247584416,0
3631,0,0.0886809924874989,0
3632,1,0.1382364221417753,0
3633,0,0.09337448983596826,0
3634,1,0.2473641757734315,0
3635,1,0.3929673359304267,0
3636,1,0.5683110097990683,1
3637,0,0.17909424205669133,0
3638,0,0.31244032878781913,0
3639,0,0.2943056989727781,0
3640,0,0.22316022690417642,0
3641,0,0.20938327317414673,0
3642,0,0.043334917521238865,0
3643,0,0.09057285470119741,0
3644,0,0.03293070426587369,0
3645,0,0.1793913328978437,0
3646,0,0.06153173611787671,0
3647,0,0.6332164229473578,1
3648,0,0.15531222344134246,0
3649,0,0.10355809409367837,0
3650,1,0.42171519600345775,0
3651,0,0.15701815450860016,0
3652,0,0.1246784924242662,0
3653,0,0.1922029297407178,0
3654,0,0.07860974004143188,0
3655,0,0.10391538978033785,0
3656,0,0.2815724028052236,0
3657,0,0.10714565432126952,0
3658,0,0.13400509017339757,0
3659,0,0.1960391624918506,0
3660,0,0.05453241136654059,0
3661,0,0.12363304575320405,0
3662,1,0.5141707552258268,1
3663,0,0.12130049371093282,0
3664,0,0.13862104687606505,0
3665,0,0.521856761761725,1
3666,0,0.16214688983048411,0
3667,0,0.11587542244898301,0
3668,0,0.5671697419720261,1
3669,0,0.127828704129627,0
3670,1,0.19518761798786158,0
3671,0,0.10601616050714928,0
3672,0,0.15678251241492738,0
3673,1,0.11767274409656582,0
3674,0,0.10733421126326932,0
3675,0,0.10067652951503013,0
3676,0,0.129146078530165,0
3677,0,0.12676037915325217,0
3678,0,0.06047350448877394,0
3679,0,0.04286716521425462,0
3680,1,0.00016349809059307152,0
3681,0,0.08437664048691443,0
3682,0,0.11659357645844519,0
3683,0,0.1580760851576024,0
3684,0,0.27846583831422794,0
3685,0,0.04296984716145772,0
3686,0,0.08406224056992127,0
3687,0,0.11333121923690001,0
3688,0,0.09563798725058904,0
3689,0,0.1890579623291183,0
3690,0,0.1936038394767094,0
3691,1,0.10150614310433276,0
3692,1,0.08157365823669134,0
3693,0,0.48296138135522115,0
3694,0,0.35592349032856974,0
3695,0,0.12350417368526835,0
3696,1,0.23205814651416257,0
3697,0,0.13326591713855604,0
3698,0,0.15515825197989855,0
3699,0,0.11808920717541613,0
3700,0,0.1140063855575734,0
3701,0,0.39827257646134057,0
3702,0,0.27546150641656536,0
3703,1,0.6955468770901606,1
3704,1,0.1368014370067986,0
3705,0,0.19829511292712104,0
3706,0,0.1461593826324726,0
3707,0,0.03100523015003722,0
3708,0,0.26757138848999074,0
3709,0,0.13275366424975876,0
3710,0,0.08405150211955961,0
3711,0,0.08926990108677409,0
3712,0,0.11515577197567324,0
3713,1,0.1334429991297476,0
3714,1,0.9539789705417646,1
3715,0,0.07933650630904027,0
3716,1,0.32688341700044926,0
3717,0,0.18430018481245586,0
3718,0,0.18142549365769245,0
3719,0,0.04303019212178603,0
3720,0,0.12149400503186615,0
3721,0,0.06992631316168363,0
3722,0,0.19796063560954075,0
3723,0,0.03569915503438391,0
3724,1,0.5454455746932357,1
3725,0,0.08054839739042682,0
3726,0,0.05319462762802865,0
3727,0,0.039370145279040786,0
3728,0,0.18831376963577032,0
3729,0,0.2945532586643997,0
3730,0,0.36914388221164557,0
3731,0,0.10456624600453732,0
3732,1,0.28496202850073854,0
3733,0,0.05625119853457285,0
3734,0,0.12164695560112937,0
3735,0,0.034393123036754895,0
3736,0,0.11770722093150733,0
3737,0,0.12966217848572625,0
3738,0,0.12990502654402317,0
3739,0,0.10510042646653238,0
3740,0,0.2984624713044485,0
3741,0,0.11702197885412893,0
3742,0,0.16012119201530786,0
3743,0,0.15755407889332354,0
3744,0,0.03731188997455626,0
3745,0,0.11723980185385545,0
3746,0,0.13524726174777657,0
3747,0,0.15020994459102688,0
3748,0,0.06829658125999331,0
3749,0,0.08991321464238212,0
3750,0,0.09479949916496164,0
3751,1,0.9326471590152169,1
3752,0,0.13893402070767535,0
3753,0,0.09226902970372136,0
3754,0,0.28045213917152295,0
3755,0,0.09039037930274092,0
3756,0,0.14820530317106634,0
3757,0,0.10669738648300563,0
3758,0,0.24864148849746193,0
3759,0,0.06981344131478477,0
3760,0,0.3118086515235923,0
3761,0,0.039068778753194276,0
3762,0,0.11758573991341986,0
3763,1,0.1513572829534259,0
3764,0,0.11535349934528959,0
3765,0,0.15694811256266172,0
3766,1,0.38650396447560575,0
3767,1,0.4084002238510843,0
3768,1,0.11767274409656582,0
3769,1,0.11780354344434804,0
3770,1,0.3361905763506671,0
3771,1,0.04409748581520074,0
3772,1,0.07828990107207758,0
3773,0,0.12631586419549057,0
3774,0,0.03676431617166157,0
3775,0,0.3254607313499206,0
3776,0,0.11238948379697905,0
3777,0,0.24081757293236306,0
3778,0,0.06533010442997583,0
3779,0,0.3659109173753897,0
3780,0,0.22573749903534676,0
3781,0,0.022612336570237104,0
3782,0,0.09902693707834895,0
3783,0,0.2825276495548118,0
3784,0,0.16195542897386123,0
3785,0,0.6268689889750775,1
3786,0,0.1787804794428567,0
3787,0,0.09057699528544345,0
3788,0,0.006942504604107468,0
3789,0,0.10056949661738147,0
3790,0,0.1300477850067957,0
3791,0,0.6937471161003218,1
3792,0,0.12333483581991522,0
3793,0,0.23210044604011026,0
3794,0,0.1317694376159832,0
3795,0,0.042196725302152,0
3796,0,0.0645494341640376,0
3797,0,0.07844198558452826,0
3798,0,0.08539573550824402,0
3799,0,0.2213892073165573,0
3800,0,0.09177438322136425,0
3801,0,0.13667509952734894,0
3802,1,0.9938537947091706,1
3803,1,0.1826563827697602,0
3804,1,0.11267313096079319,0
3805,1,0.9447532816923945,1
3806,1,0.31029966839963297,0
3807,1,0.55992400787905,1
3808,1,0.9218651546407041,1
3809,1,0.31549187466548156,0
3810,1,0.5758114691400423,1
3811,1,0.16948893747874896,0
3812,1,0.8849845767206249,1
3813,1,0.09186861180920278,0
3814,1,0.5384523041592749,1
3815,1,0.13585154962116092,0
3816,1,0.11428691127170967,0
3817,1,0.9458583863581067,1
3818,1,0.2529865196612863,0
3819,1,0.779911823146391,1
3820,1,0.30666195867191937,0
3821,1,0.14465063774516715,0
3822,0,0.05116041134713287,0
3823,0,0.13547272404866986,0
3824,0,0.013363323919053654,0
3825,0,0.2176242940895962,0
3826,0,0.09193038307319283,0
3827,0,0.18138078215287493,0
3828,0,0.13703422392839712,0
3829,0,0.09437125250756262,0
3830,0,0.04334039441956157,0
3831,0,0.4051433198281294,0
3832,0,0.144536025882776,0
3833,0,0.17680419003045048,0
3834,0,0.08147479034687964,0
3835,0,0.15523799938349458,0
3836,0,0.1060301268471863,0
3837,0,0.07947120055017835,0
3838,0,0.3101104671087791,0
3839,1,0.718059796358426,1
3840,1,0.11758573991341986,0
3841,0,0.08159885791917415,0
3842,0,0.09013430028232783,0
3843,0,0.09978898561745285,0
3844,0,0.13858285170023865,0
3845,0,0.36616580943608545,0
3846,0,0.17700753837500033,0
3847,0,0.12462786892925294,0
3848,0,0.0988783941725637,0
3849,0,0.04189298408341829,0
3850,0,0.07007827927280949,0
3851,0,0.14974453075405303,0
3852,0,0.16241413704959917,0
3853,0,0.3301450042045872,0
3854,0,0.29444308775425326,0
3855,0,0.08239812285269416,0
3856,0,0.033035183905773584,0
3857,0,0.0054769551521607835,0
3858,0,0.09018116666110888,0
3859,0,0.174444588344045,0
3860,0,0.10045225238453248,0
3861,0,0.040273607559914895,0
3862,0,0.0990543517559064,0
3863,0,0.5864044812858686,1
3864,1,0.1719512923163565,0
3865,0,0.12155713163014975,0
3866,0,0.07350820994083011,0
3867,0,0.06740407448985535,0
3868,0,0.07852528421348282,0
3869,0,0.0037006353321538273,0
3870,0,0.12764138167506253,0
3871,1,0.428955488450145,0
3872,0,0.04545051042359344,0
3873,0,0.2542525420265817,0
3874,0,0.11155984055984972,0
3875,0,0.05899586422146861,0
3876,0,0.09933152518106816,0
3877,0,0.053782858531033755,0
3878,0,0.10490534445111604,0
3879,0,0.10083261360655543,0
3880,0,0.11353704641339452,0
3881,1,0.7284208741965988,1
3882,0,0.09836390999281383,0
3883,1,0.3677899346215655,0
3884,1,0.11823742006115918,0
3885,1,0.7192887845135671,1
3886,0,0.1257008998173128,0
3887,0,0.1946435523954248,0
3888,0,0.11946052265801095,0
3889,0,0.11890427965065448,0
3890,0,0.06443203282878658,0
3891,0,0.07216004667489624,0
3892,0,0.15510019616278634,0
3893,0,0.0973993497202488,0
3894,0,0.14355100026696274,0
3895,1,0.3089752991729487,0
3896,0,0.12338704789722023,0
3897,0,0.33446405037317284,0
3898,0,0.1200113213843575,0
3899,0,0.10589221950106732,0
3900,0,0.16223905541526834,0
3901,0,0.057450799107872735,0
3902,0,0.7045337713904907,1
3903,0,0.1143562360741646,0
3904,0,0.11335955841266897,0
3905,0,0.1340893849202785,0
3906,0,0.21418351065332386,0
3907,0,0.3031892894260283,0
3908,1,0.6322951752581419,1
3909,0,0.06819445515424662,0
3910,0,0.26103991831914053,0
3911,1,0.9943820813302746,1
3912,0,0.05724275837262149,0
3913,0,0.14079608342702127,0
3914,0,0.12588732792987734,0
3915,0,0.5589553245049454,1
3916,0,0.042615694956668344,0
3917,0,0.13595725604389478,0
3918,0,0.1432080170436411,0
3919,0,0.0403507033753544,0
3920,0,0.05911039976355252,0
3921,0,0.08676474660651556,0
3922,1,0.7807636381439016,1
3923,0,0.2788454482917835,0
3924,0,0.38471152053671975,0
3925,0,0.03630013962621437,0
3926,0,0.10762874485124838,0
3927,1,0.5940925090080326,1
3928,1,0.9884046231500772,1
3929,0,0.0024959744649214566,0
3930,0,0.34583217157891183,0
3931,0,0.22827687291584656,0
3932,0,0.060268347253113815,0
3933,0,0.12848179982530386,0
3934,0,0.07658039841022005,0
3935,0,0.0971171641748247,0
3936,0,0.33171438529995917,0
3937,0,0.07046469263504118,0
3938,0,0.1338072103175906,0
3939,0,0.26470106170471697,0
3940,1,0.5655272625620662,1
3941,0,0.116092052872478,0
3942,1,0.10325285643396488,0
3943,0,0.055958601444209576,0
3944,0,0.181638456863577,0
3945,0,0.2265715439822494,0
3946,0,0.0728215386504465,0
3947,0,0.2823865439384802,0
3948,0,0.06123805114295325,0
3949,0,0.16692508501466347,0
3950,0,0.4445762184973691,0
3951,0,0.18579563786025205,0
3952,0,0.0783228774032404,0
3953,0,0.1504049102418356,0
3954,0,0.07403631822394693,0
3955,0,0.1351963921833762,0
3956,0,0.060587514710848576,0
3957,0,0.1964692749855173,0
3958,0,0.34305300969216707,0
3959,0,0.33265225095196,0
3960,0,0.06806685374402804,0
3961,0,0.08329740047141233,0
3962,0,0.11241126153697768,0
3963,1,0.9288099072644315,1
3964,1,0.4980699090471135,0
3965,0,0.11506574275328174,0
3966,0,0.03360258891326823,0
3967,0,0.43765405766594,0
3968,0,0.14713928896389067,0
3969,0,0.17347256272069544,0
3970,0,0.10862344772144325,0
3971,0,0.7160323671713098,1
3972,0,0.09617196084095911,0
3973,0,0.17074537159485104,0
3974,0,0.10937449707909877,0
3975,0,0.08565257789397548,0
3976,0,0.0882547068343302,0
3977,0,0.01148888245526477,0
3978,0,0.06353758224410176,0
3979,0,0.19351466702459905,0
3980,0,0.7199002330003329,1
3981,0,0.011020084119624596,0
3982,0,0.049235489560348365,0
3983,0,0.10975703949826678,0
3984,0,0.3969184790605208,0
3985,0,0.06926419394379686,0
3986,0,0.10707908871373899,0
3987,0,0.38953627494192067,0
3988,0,0.2002165502271114,0
3989,0,0.17195745397311926,0
3990,0,0.06832220840183277,0
3991,0,0.0971179329550799,0
3992,0,0.1457736930835125,0
3993,0,0.17725973819231494,0
3994,0,0.17686344702173556,0
3995,0,0.06948710140315491,0
3996,1,0.2319485958691895,0
3997,0,0.5233060663174327,1
3998,0,0.25349022177659536,0
3999,0,0.20545830431881057,0
4000,1,0.6856065702126062,1
4001,1,0.14454699361321083,0
4002,1,0.5164551826535808,1
4003,0,0.1290363538855988,0
4004,0,0.4166989458128545,0
4005,0,0.05897906940156456,0
4006,0,0.19670842245089373,0
4007,0,0.1902280467141378,0
4008,0,0.09229399859850256,0
4009,0,0.1512116126788897,0
4010,0,0.4994553047374345,0
4011,0,0.06801530225699337,0
4012,0,0.18528028940642402,0
4013,0,0.14711808136072285,0
4014,0,0.11158522966130793,0
4015,1,0.5004568679829164,1
4016,1,0.2718562470925306,0
4017,1,0.11758573991341986,0
4018,0,0.17347010987570397,0
4019,0,0.19695319752157509,0
4020,0,0.11040367732436218,0
4021,0,0.23745468563810837,0
4022,0,0.20532624413225373,0
4023,1,0.9909658701621932,1
4024,1,0.9647042398078415,1
4025,1,0.25840450832824907,0
4026,1,0.24309605779089172,0
4027,0,0.07190731987239035,0
4028,0,0.12935774972260675,0
4029,0,0.1640846816712894,0
4030,1,0.7480017504525273,1
4031,0,0.056073723323145155,0
4032,0,0.13903127941265883,0
4033,0,0.09599309484882906,0
4034,0,0.2042762148048362,0
4035,0,0.2418425170864428,0
4036,0,0.15502186671129548,0
4037,0,0.366474990531929,0
4038,0,0.06926881529790872,0
4039,1,0.5989469677592215,1
4040,0,0.0678694070203368,0
4041,0,0.0023376503831669727,0
4042,0,0.06824785803652923,0
4043,0,0.06237861916974938,0
4044,0,0.11540940520830964,0
4045,0,0.09238377295260103,0
4046,0,0.5015484613098607,1
4047,0,0.10137013784198065,0
4048,0,0.12427367264651173,0
4049,0,0.15441860480632688,0
4050,0,0.07412993679572337,0
4051,0,0.5270183092286026,1
4052,1,0.13332750763567947,0
4053,0,0.060343767841682446,0
4054,0,0.13176154790809666,0
4055,1,0.5726931977566403,1
4056,0,0.07036982236018748,0
4057,0,0.2280724197885471,0
4058,0,0.1572667853105715,0
4059,0,0.09209432417861965,0
4060,0,0.0026647223718183556,0
4061,0,0.14789896514703343,0
4062,0,0.20373754846549488,0
4063,0,0.07331966903604219,0
4064,0,0.07556351419717017,0
4065,0,0.14663456855495366,0
4066,0,0.09644973215876147,0
4067,0,0.5313653267817378,1
4068,0,0.27148925054881534,0
4069,0,0.10035427296246503,0
4070,0,0.20919346607746073,0
4071,0,0.06322089443398975,0
4072,0,0.052113568387768414,0
4073,0,0.13755770074724472,0
4074,0,0.12996653877675585,0
4075,0,0.09438463665236939,0
4076,0,0.07299975811810715,0
4077,0,0.14492065526193346,0
4078,0,0.06358950348129669,0
4079,0,0.08356367171022434,0
4080,0,0.1256624898102712,0
4081,0,0.17746884793408785,0
4082,0,0.037227256694948876,0
4083,0,0.06825885569284684,0
4084,0,0.17699901297308235,0
4085,1,0.5800741801579362,1
4086,0,0.10878804113542458,0
4087,0,0.1276730264517655,0
4088,0,0.1372479940429801,0
4089,0,0.07792929853071391,0
4090,0,0.12409277189553396,0
4091,1,0.9914611074350757,1
4092,1,0.5359273801550507,1
4093,0,0.2134953989092235,0
4094,0,0.7383298978252174,1
4095,0,0.36175942934298844,0
4096,0,0.10036817640104892,0
4097,0,0.13305897511128378,0
4098,0,0.06103445556540945,0
4099,0,0.0028079525666097516,0
4100,0,0.30844235844143714,0
4101,0,0.31845913064129605,0
4102,0,0.118579974546,0
4103,0,0.17367430016981605,0
4104,0,0.06445549166898568,0
4105,0,0.03852365274675143,0
4106,1,0.8948174782066834,1
4107,0,0.13302571035683788,0
4108,1,0.46330585210924097,0
4109,0,0.3248993049347722,0
4110,0,0.07965568906547076,0
4111,0,0.2099343779165067,0
4112,0,0.07140296782992929,0
4113,0,0.058600278910881445,0
4114,0,0.06874671671891644,0
4115,0,0.12540743480509817,0
4116,0,0.13625049653839827,0
4117,0,0.09575065595264033,0
4118,0,0.07861268821060231,0
4119,0,0.05000754014235929,0
4120,0,0.1325271129326605,0
4121,0,0.15141440237949022,0
4122,0,0.04573940974262842,0
4123,0,0.14007293232517234,0
4124,0,0.21353145180281702,0
4125,0,0.13038054065209886,0
4126,0,0.06589424545195004,0
4127,0,0.08022243401425395,0
4128,0,0.14591998394848504,0
4129,0,0.0843352198493884,0
4130,1,0.7230843164708082,1
4131,0,0.04887083752765178,0
4132,0,0.1320326508939962,0
4133,0,0.08563491136301325,0
4134,0,0.029133711122743874,0
4135,0,0.5131852436605412,1
4136,0,0.35589617457901584,0
4137,0,0.14028461926524463,0
4138,0,0.06793120520479186,0
4139,0,0.14730503682200072,0
4140,0,0.07131441011396134,0
4141,0,0.10290045438518584,0
4142,0,0.14876259731815755,0
4143,0,0.1362803106743855,0
4144,0,0.0030184629065621122,0
4145,0,0.0997819799063926,0
4146,0,0.0904564611327249,0
4147,1,0.903329695276237,1
4148,0,0.36236396717780367,0
4149,0,0.15347515745520393,0
4150,0,0.052918992410117285,0
4151,0,0.18187576961330018,0
4152,0,0.4064152265629065,0
4153,0,0.02900146851977284,0
4154,0,0.005921689508436186,0
4155,0,0.07945342219860516,0
4156,0,0.26650896246703226,0
4157,0,0.05361329113718514,0
4158,0,0.38281482693814206,0
4159,0,0.0552751550440019,0
4160,0,0.04910332034889516,0
4161,0,0.12623203797231775,0
4162,1,0.8835660801191907,1
4163,0,0.13890420573535658,0
4164,0,0.0939969467421924,0
4165,0,0.14525170348832284,0
4166,0,0.12841896840953873,0
4167,0,0.13212054116748298,0
4168,0,0.2176569355264603,0
4169,0,0.11833510165632309,0
4170,0,0.1291451099101947,0
4171,0,0.27184652391566183,0
4172,0,0.04974517085939383,0
4173,0,0.15447470861555787,0
4174,0,0.05277343241425689,0
4175,1,0.6635485766841092,1
4176,0,0.07452099212151275,0
4177,1,0.07271789655777025,0
4178,0,0.17796293322932258,0
4179,0,0.032882978239073365,0
4180,0,0.0927830892630955,0
4181,0,0.3889252438651866,0
4182,0,0.08436139622562093,0
4183,0,0.15051307883831533,0
4184,0,0.47433776162652613,0
4185,0,0.12432959033042751,0
4186,0,0.07728496348929059,0
4187,1,0.3875688935915453,0
4188,0,0.08035271324780048,0
4189,0,0.11219634670217886,0
4190,0,0.043415659645931665,0
4191,0,0.05355390385123155,0
4192,0,0.0500041574100466,0
4193,1,0.535767545003957,1
4194,0,0.13947932088156328,0
4195,0,0.26161970633222265,0
4196,0,0.01180614344603,0
4197,0,0.1995638479497353,0
4198,0,0.0677987737323868,0
4199,0,0.059397135221324386,0
4200,0,0.14127975850486357,0
4201,0,0.11992920854486543,0
4202,1,0.27328122957389467,0
4203,0,0.2473691137037481,0
4204,0,0.3408926324090827,0
4205,0,0.30077159734401937,0
4206,1,0.06952907286091199,0
4207,0,0.14425452598568214,0
4208,0,0.14997236127670496,0
4209,0,0.30062805675088167,0
4210,0,0.028814871670605976,0
4211,0,0.13458786861543215,0
4212,0,0.17745180613939693,0
4213,0,0.060079624347721926,0
4214,0,0.05897957768458519,0
4215,0,0.1032290163454197,0
4216,0,0.2690207810564495,0
4217,0,0.10439163059135265,0
4218,0,0.1056286606249133,0
4219,0,0.027207319239789494,0
4220,0,0.08395053897677417,0
4221,0,0.08943895104266178,0
4222,0,0.09237821338196654,0
4223,0,0.4874150848286312,0
4224,0,0.07790274545213241,0
4225,0,0.1001652882099995,0
4226,1,0.2677181622508995,0
4227,1,0.12494227191597226,0
4228,1,0.24206166503445783,0
4229,1,0.9979832947530589,1
4230,1,0.9615996187054011,1
4231,0,0.06505731761167129,0
4232,0,0.12524969374611344,0
4233,0,0.15137689352348324,0
4234,0,0.20359172836455247,0
4235,0,0.18431492486846712,0
4236,0,0.05118555517884888,0
4237,0,0.07980556809630979,0
4238,0,0.11604511277852127,0
4239,0,0.0027563519417752058,0
4240,0,0.11701863112955439,0
4241,0,0.1278157668221748,0
4242,0,0.11462493877364943,0
4243,0,0.11413907089570344,0
4244,0,0.18509395230638226,0
4245,0,0.04260196747672259,0
4246,0,0.18664765371570993,0
4247,0,0.13068407665092768,0
4248,1,0.10351460489809275,0
4249,0,0.2749797108294574,0
4250,0,0.048994872239413685,0
4251,0,0.05927302715815376,0
4252,0,0.13863626713968846,0
4253,0,0.40138458519786807,0
4254,0,0.035276064079222236,0
4255,0,0.19476484802633295,0
4256,0,0.032293967726526235,0
4257,0,0.06087667089083206,0
4258,0,0.0366452391484692,0
4259,0,0.11282462981173567,0
4260,0,0.10485551142736584,0
4261,0,0.47932837466660055,0
4262,0,0.11064851545282614,0
4263,0,0.003270921769593711,0
4264,0,0.06275292963451998,0
4265,0,0.0025906711015553923,0
4266,0,0.06985476675361418,0
4267,0,0.20973280628713517,0
4268,0,0.07014489500225755,0
4269,0,0.2083694845062638,0
4270,0,0.7970158031240427,1
4271,0,0.05174202399676507,0
4272,0,0.20740344027870938,0
4273,0,0.03850522236144839,0
4274,1,0.11767274409656582,0
4275,1,0.387384925649382,0
4276,1,0.08595328981597125,0
4277,0,0.025653054676596423,0
4278,0,0.10071086744753949,0
4279,0,0.05156994816115461,0
4280,0,0.13354424374546758,0
4281,0,0.14159620707352427,0
4282,0,0.13376130830281588,0
4283,0,0.26083167260218726,0
4284,0,0.16585391383251516,0
4285,0,0.08700103037260183,0
4286,0,0.06813226278610923,0
4287,0,0.41058824407585115,0
4288,0,0.12705223112451275,0
4289,0,0.1241617238916161,0
4290,0,0.07153481179907596,0
4291,0,0.06604173509472888,0
4292,0,0.13376469438980426,0
4293,0,0.0720878403281062,0
4294,0,0.39848681166188393,0
4295,0,0.038684283421928034,0
4296,0,0.046897746050038304,0
4297,0,0.09359330386369859,0
4298,0,0.07496742249459928,0
4299,0,0.1385494238759118,0
4300,0,0.15309117513262424,0
4301,0,0.13458576738427205,0
4302,1,0.3198203266705014,0
4303,0,0.14082890370650133,0
4304,0,0.16823481621927225,0
4305,1,0.7063515251174453,1
4306,0,0.11945804110937974,0
4307,1,0.03601985126240004,0
4308,0,0.21696013712088802,0
4309,1,0.11951905563748402,0
4310,0,0.08805084667083361,0
4311,0,0.1473288079324817,0
4312,0,0.11572955203853506,0
4313,0,0.14890508827721566,0
4314,0,0.14188906199748225,0
4315,0,0.15352661640204165,0
4316,0,0.10727146123472273,0
4317,0,0.06121781699246631,0
4318,0,0.5096478213187178,1
4319,0,0.21435905285643464,0
4320,0,0.044076675865833546,0
4321,0,0.04523546073048428,0
4322,0,0.11648542913602955,0
4323,0,0.1250575210852311,0
4324,0,0.08258601569720106,0
4325,0,0.191676051404641,0
4326,1,0.23579140449871874,0
4327,0,0.13189725498878885,0
4328,0,0.04009588283099783,0
4329,0,0.3972946273604268,0
4330,0,0.1449143854392529,0
4331,0,0.07258115111514041,0
4332,0,0.15550257182936975,0
4333,0,0.15364406690312166,0
4334,0,0.087697576054015,0
4335,0,0.08299148822151524,0
4336,0,0.42991949207269975,0
4337,0,0.07207446858515988,0
4338,0,0.0824769499891582,0
4339,0,0.10602536681235213,0
4340,0,0.16022481491236132,0
4341,0,0.18795234515815726,0
4342,0,0.20724364415201474,0
4343,0,0.14434178443620527,0
4344,0,0.04292829545946462,0
4345,0,0.10410213444545677,0
4346,0,0.16649634761805335,0
4347,1,0.8603419814533873,1
4348,1,0.063975856437845,0
4349,1,0.04951184836325875,0
4350,0,0.28291077224692496,0
4351,0,0.07911627784238619,0
4352,0,0.1458066553482637,0
4353,0,0.12309459154765827,0
4354,0,0.11731822123001034,0
4355,0,0.09734958930097806,0
4356,0,0.06575169499671946,0
4357,0,0.05724089924771337,0
4358,0,0.0031962307690774966,0
4359,0,0.6144273815507357,1
4360,0,0.3552098883106737,0
4361,0,0.09244705278518833,0
4362,0,0.04595325660692051,0
4363,0,0.13747744346810112,0
4364,0,0.0802854753623715,0
4365,0,0.1142856578727106,0
4366,0,0.08907248047549374,0
4367,0,0.0601006150142707,0
4368,0,0.04073946038090447,0
4369,0,0.05204767940897716,0
4370,1,0.15760778644374163,0
4371,0,0.2542122508330079,0
4372,0,0.12079954198906756,0
4373,0,0.09059193025083077,0
4374,0,0.06608274430050164,0
4375,0,0.12446505413812174,0
4376,0,0.13701617791227153,0
4377,0,0.09298548296889389,0
4378,0,0.21414633565469338,0
4379,0,0.06738001782524743,0
4380,0,0.5910693247453579,1
4381,0,0.07163938747184961,0
4382,0,0.046679781887984606,0
4383,0,0.1612385834138845,0
4384,0,0.015507514637296023,0
4385,0,0.04147503352115044,0
4386,0,0.056714728841522934,0
4387,0,0.13437104198929464,0
4388,0,0.05669884636471754,0
4389,0,0.09262556863057111,0
4390,0,0.07143846568294346,0
4391,0,0.0023587765796898546,0
4392,1,0.09072358118365681,0
4393,0,0.04408119647681002,0
4394,0,0.053687825740537355,0
4395,0,0.3067600286257473,0
4396,0,0.0643022923368175,0
4397,0,0.11163941142309679,0
4398,0,0.06546574774214031,0
4399,0,0.09268004040870984,0
4400,0,0.1087972749182365,0
4401,0,0.012095910539607213,0
4402,0,0.14354135556644343,0
4403,0,0.002605429054320903,0
4404,0,0.10332664405689919,0
4405,0,0.09269307403014164,0
4406,1,0.3974024541434413,0
4407,0,0.16005671088305112,0
4408,0,0.3593622887195472,0
4409,1,0.04728713826461753,0
4410,0,0.1374858643131355,0
4411,0,0.03042877442447043,0
4412,0,0.40618876219593997,0
4413,0,0.0699412472453076,0
4414,0,0.0985447495864172,0
4415,0,0.2106093507782323,0
4416,0,0.1071607338994837,0
4417,0,0.10461324116995019,0
4418,0,0.002798883593708982,0
4419,0,0.04045678887738487,0
4420,0,0.05917555477897512,0
4421,0,0.1391310481071594,0
4422,0,0.09366201356797754,0
4423,0,0.2836362126593134,0
4424,1,0.9984517687208407,1
4425,0,0.1188852782727879,0
4426,0,0.19393406624651113,0
4427,0,0.024806721717653052,0
4428,0,0.057332399177259644,0
4429,1,0.25931873790649185,0
4430,1,0.11648542913602955,0
4431,0,0.1562938473359007,0
4432,0,0.406679378607559,0
4433,0,0.15665349179591928,0
4434,1,0.911355451485099,1
4435,1,0.5227691744053348,1
4436,1,0.08249982605721619,0
4437,0,0.11898738133661094,0
4438,0,0.09289340528160603,0
4439,0,0.12732071845265744,0
4440,0,0.05944062847156949,0
4441,0,0.0866125355025668,0
4442,0,0.20004391198638263,0
4443,0,0.1288644535761742,0
4444,0,0.0707063056656005,0
4445,0,0.024073024749449088,0
4446,0,0.11442951010672663,0
4447,0,0.05580311807792942,0
4448,0,0.22762719868302111,0
4449,0,0.11673585048774417,0
4450,0,0.031175983637280788,0
4451,0,0.08892492923430259,0
4452,0,0.1100728605478858,0
4453,0,0.15363468144025502,0
4454,0,0.06757967248977248,0
4455,0,0.1270056297600368,0
4456,0,0.05175532931553096,0
4457,0,0.08672412545234215,0
4458,1,0.05366800872382109,0
4459,0,0.13614184593301612,0
4460,1,0.4941881412350717,0
4461,0,0.07145239193179416,0
4462,0,0.04041102370811938,0
4463,0,0.24273749966864755,0
4464,0,0.15114736281506372,0
4465,0,0.3403721254185249,0
4466,0,0.053693280537346025,0
4467,0,0.17841681142059881,0
4468,0,0.07775924468310876,0
4469,1,0.7154618550767952,1
4470,1,0.3731283179661202,0
4471,0,0.0029060304664155975,0
4472,1,0.9593645146115742,1
4473,0,0.0979186153842504,0
4474,1,0.9995120036636479,1
4475,0,0.11799887359982636,0
4476,0,0.08482825791176313,0
4477,0,0.06351716479076758,0
4478,0,0.13750088816860412,0
4479,0,0.13036845624784904,0
4480,0,0.08729820829430342,0
4481,0,0.14841326676840894,0
4482,0,0.0850848543974534,0
4483,0,0.11589801305107565,0
4484,0,0.03766912864815899,0
4485,0,0.10801002866214962,0
4486,0,0.1176336747918235,0
4487,0,0.08376842255571,0
4488,0,0.10259764503415836,0
4489,0,0.07682031864020074,0
4490,0,0.13133671300483546,0
4491,0,0.1319670674506894,0
4492,0,0.10981169606724109,0
4493,1,0.09625751680690264,0
4494,0,0.11050002703128747,0
4495,0,0.1296292181114915,0
4496,0,0.10549897259541512,0
4497,0,0.1529193482202209,0
4498,0,0.07118012150584731,0
4499,1,0.1446512472323254,0
4500,1,0.12410636003429068,0
4501,0,0.05258338960190335,0
4502,0,0.1915204177690043,0
4503,0,0.20028985930829005,0
4504,0,0.13341684889341882,0
4505,0,0.2306406837276282,0
4506,0,0.06717838332729538,0
4507,0,0.1892197626933199,0
4508,0,0.23916011079579563,0
4509,0,0.06709326221012515,0
4510,0,0.23704895700993017,0
4511,0,0.12705292593672438,0
4512,0,0.05908539247328173,0
4513,0,0.06920455619689135,0
4514,0,0.15585068267616975,0
4515,0,0.2800332655519562,0
4516,0,0.11251460588123623,0
4517,1,0.22250486308632544,0
4518,0,0.034961269169337394,0
4519,0,0.16213737074666973,0
4520,0,0.21434095239518192,0
4521,0,0.08502893957898772,0
4522,0,0.059938124954107004,0
4523,0,0.07880451711590568,0
4524,0,0.02739201207736399,0
4525,0,0.06398247456246584,0
4526,0,0.28502273508459885,0
4527,0,0.2015111771573751,0
4528,0,0.0923592897913019,0
4529,0,0.13911792345231183,0
4530,0,0.12484241025554334,0
4531,0,0.03974374316756061,0
4532,0,0.1360532466414468,0
4533,0,0.10862428956401347,0
4534,0,0.06564300026356874,0
4535,0,0.15371265256316943,0
4536,0,0.01244008631512419,0
4537,0,0.002359870164766721,0
4538,1,0.27844053406143315,0
4539,0,0.015003612134560645,0
4540,0,0.12007490703949544,0
4541,0,0.23030986143483045,0
4542,0,0.10986052853603383,0
4543,0,0.23965529279154738,0
4544,0,0.08840268964364392,0
4545,0,0.12872019176911,0
4546,1,0.25672000481605484,0
4547,0,0.17520469788446918,0
4548,0,0.2503045862912424,0
4549,0,0.12934610722361514,0
4550,0,0.10964014047032633,0
4551,0,0.12139713916308817,0
4552,0,0.027790731571454515,0
4553,0,0.08197268863095064,0
4554,0,0.05612513247629962,0
4555,0,0.20997860964411091,0
4556,1,0.9046860729609146,1
4557,0,0.05825754044858101,0
4558,1,0.62855194614405,1
4559,1,0.441191915940639,0
4560,0,0.232443429538772,0
4561,0,0.09895927172813042,0
4562,0,0.11397029683102727,0
4563,0,0.24739458236573844,0
4564,0,0.5187878017162391,1
4565,0,0.09095706186578892,0
4566,0,0.05225283823245423,0
4567,0,0.041312893438647476,0
4568,0,0.1273240672045094,0
4569,0,0.15215877527117042,0
4570,0,0.2665081537598701,0
4571,0,0.06292306728267825,0
4572,0,0.09493360358681496,0
4573,1,0.11758573991341986,0
4574,0,0.11329507512608336,0
4575,0,0.043887238244142174,0
4576,0,0.09130126080380516,0
4577,0,0.10631726450733381,0
4578,0,0.0864202428449584,0
4579,0,0.05587821946685202,0
4580,0,0.07998298763605663,0
4581,0,0.05362735862242624,0
4582,0,0.04727646143877641,0
4583,0,0.06198709277103098,0
4584,0,0.14286144586938496,0
4585,0,0.15732539026729173,0
4586,0,0.2375013811554834,0
4587,0,0.03936512579850862,0
4588,1,0.4301647897680095,0
4589,1,0.18869039338846055,0
4590,0,0.1592392557183373,0
4591,0,0.10572225431139554,0
4592,0,0.05128657799929145,0
4593,0,0.1767395690952342,0
4594,1,0.15943909407293222,0
4595,1,0.8812071993611167,1
4596,1,0.26094263235742166,0
4597,0,0.10505932958504019,0
4598,0,0.08241975727672174,0
4599,0,0.062147452513394374,0
4600,1,0.09678654168960799,0
4601,0,0.07805614643525267,0
4602,0,0.24659551999362853,0
4603,1,0.8326293321057586,1
4604,0,0.05202390282425922,0
4605,0,0.08382496972210864,0
4606,0,0.20540704873163593,0
4607,0,0.0880119382131954,0
4608,0,0.08347092251738789,0
4609,0,0.09349549707653358,0
4610,0,0.11875275678211411,0
4611,1,0.23974857590883963,0
4612,0,0.07659316117873635,0
4613,0,0.2506397339484785,0
4614,0,0.1310830799245021,0
4615,0,0.18474928211099848,0
4616,0,0.24767505432793757,0
4617,1,0.36638051068357697,0
4618,1,0.13452697135243702,0
4619,1,0.32151407268929083,0
4620,0,0.15146349452822533,0
4621,0,0.07664348334784042,0
4622,0,0.17963005551740857,0
4623,0,0.10899980368434652,0
4624,0,0.08496251698017222,0
4625,0,0.09705924526207918,0
4626,0,0.041555564782825495,0
4627,0,0.31684722804959636,0
4628,0,0.22115031147012634,0
4629,0,0.05692598344424528,0
4630,0,0.13298257702041547,0
4631,0,0.46979707088349876,0
4632,0,0.09750600367426143,0
4633,0,0.04096191167838391,0
4634,0,0.086818099874132,0
4635,0,0.07685393603838309,0
4636,0,0.053352108275414124,0
4637,0,0.06033554956112694,0
4638,0,0.05443652724679331,0
4639,0,0.06488265491948833,0
4640,1,0.45871109774237334,0
4641,1,0.2854498908774959,0
4642,0,0.15060370813332638,0
4643,1,0.8536308611013372,1
4644,0,0.25376002219076915,0
4645,0,0.08976695108191861,0
4646,0,0.06146331000393637,0
4647,0,0.11982487120087196,0
4648,0,0.14613591125732428,0
4649,0,0.06510007938958905,0
4650,0,0.21458980577870232,0
4651,0,0.08916126568687832,0
4652,0,0.08158928818847017,0
4653,0,0.20164561171248013,0
4654,0,0.16226683506127684,0
4655,0,0.15761789112001265,0
4656,0,0.0921307911646452,0
4657,0,0.11918949749163127,0
4658,0,0.08152414917392324,0
4659,0,0.09050487018628546,0
4660,0,0.13182814286493477,0
4661,0,0.03644292359051351,0
4662,0,0.07219714174310679,0
4663,0,0.11355704323741175,0
4664,0,0.06663868912046579,0
4665,0,0.3363235710480965,0
4666,0,0.1284192133941944,0
4667,0,0.334144271101904,0
4668,0,0.17892043085795456,0
4669,1,0.30987545014814744,0
4670,0,0.2826218185181534,0
4671,0,0.21753836616074812,0
4672,0,0.13993920260333373,0
4673,0,0.16587699289786528,0
4674,0,0.05754788844986405,0
4675,0,0.14655593021896068,0
4676,0,0.08014729208349518,0
4677,0,0.17163369822957142,0
4678,0,0.2083372047685827,0
4679,0,0.1225673134912846,0
4680,0,0.12770036396869772,0
4681,0,0.04505366218057713,0
4682,1,0.11022670912046885,0
4683,0,0.1966014148908114,0
4684,0,0.08632806552371725,0
4685,0,0.052935714800623646,0
4686,0,0.19870234246267476,0
4687,0,0.07024440599407618,0
4688,0,0.3404600162874653,0
4689,1,0.6750581170621641,1
4690,0,0.0839928539737948,0
4691,0,0.21044789169129832,0
4692,0,0.11128350375055356,0
4693,0,0.08941846146130468,0
4694,0,0.10510179109866545,0
4695,0,0.06377484496304939,0
4696,0,0.13216405754650995,0
4697,0,0.5091176614806511,1
4698,0,0.1454040669060692,0
4699,0,0.08231835893270921,0
4700,1,0.15242311882095566,0
4701,1,0.9848250950539025,1
4702,0,0.05071950510459583,0
4703,0,0.17940413573619104,0
4704,1,0.44115246003022585,0
4705,0,0.5076160097665924,1
4706,0,0.22933433611734125,0
4707,0,0.0799576614129657,0
4708,0,0.4145590673241149,0
4709,0,0.14442524600334306,0
4710,0,0.24708231109064474,0
4711,0,0.1058625084481382,0
4712,1,0.5185460931919381,1
4713,0,0.4434833842559661,0
4714,0,0.14059669857522675,0
4715,1,0.05075139838228253,0
4716,0,0.10817962603119975,0
4717,1,0.8483977475252323,1
4718,0,0.05749313987531494,0
4719,0,0.14233116955482675,0
4720,0,0.2606738595889356,0
4721,1,0.9517335033111985,1
4722,0,0.07617284588413137,0
4723,0,0.05201914867882645,0
4724,0,0.2149407264322529,0
4725,0,0.08668510041488943,0
4726,0,0.0807627535408621,0
4727,0,0.05442003631600887,0
4728,0,0.03796918012886814,0
4729,0,0.17861827968630972,0
4730,0,0.7874432136011533,1
4731,0,0.11405306616159491,0
4732,0,0.23043184623151877,0
4733,0,0.19415004340087566,0
4734,0,0.12267480787027094,0
4735,0,0.08273317091787484,0
4736,0,0.05360415545271955,0
4737,0,0.10270407799634668,0
4738,0,0.20492022068942636,0
4739,0,0.14596068652354938,0
4740,0,0.21456076538809513,0
4741,0,0.06289509438876449,0
4742,0,0.1722369324966949,0
4743,0,0.06122094171265183,0
4744,0,0.1177513329729451,0
4745,1,0.36197097613854684,0
4746,0,0.05270239604553082,0
4747,0,0.20835589692314832,0
4748,0,0.1560574517526504,0
4749,0,0.1182607614589693,0
4750,1,0.2578401617132439,0
4751,1,0.6709077766791297,1
4752,1,0.4214365987622627,0
4753,1,0.28290110346397684,0
4754,1,0.2271289465581054,0
4755,1,0.30381943863329874,0
4756,1,0.33458563070942393,0
4757,1,0.6420205349830899,1
4758,1,0.8974184934323743,1
4759,1,0.4402794356866929,0
4760,1,0.3526207067336875,0
4761,1,0.3242748894220828,0
4762,1,0.46884149904455213,0
4763,1,0.44625570376693424,0
4764,1,0.23296971470978148,0
4765,1,0.6155052579075689,1
4766,1,0.7885452653602057,1
4767,1,0.07367837566255166,0
4768,1,0.6500260481540726,1
4769,1,0.24620070612257466,0
4770,1,0.9428160443347846,1
4771,1,0.8909461619481978,1
4772,1,0.31569005727725885,0
4773,1,0.6378088164740393,1
4774,1,0.15883570019745377,0
4775,1,0.10310083587533546,0
4776,1,0.9312441496764077,1
4777,1,0.9964338673707435,1
4778,1,0.7985623050062608,1
4779,1,0.920175037221565,1
4780,1,0.34436505373476023,0
4781,1,0.25862214016159335,0
4782,1,0.10445247134604879,0
4783,1,0.6170260123345331,1
4784,0,0.11363303373115761,0
4785,0,0.12475601106895447,0
4786,0,0.2918599501263774,0
4787,0,0.09522744383343547,0
4788,0,0.16478788284965762,0
4789,0,0.04055266527523221,0
4790,0,0.0783663445999039,0
4791,0,0.04187928389172214,0
4792,0,0.15305941995771288,0
4793,0,0.058523589389576275,0
4794,0,0.38221198323361627,0
4795,0,0.04239197558675897,0
4796,0,0.0958137567908846,0
4797,0,0.056183222085267145,0
4798,0,0.29623254422365874,0
4799,0,0.10438723535686815,0
4800,0,0.28252409744181944,0
4801,0,0.03946397080466933,0
4802,0,0.09321561659714918,0
4803,0,0.03876847110045816,0
4804,0,0.13733025684471453,0
4805,0,0.49184102143918174,0
4806,0,0.5794908749756439,1
4807,0,0.053851069911114664,0
4808,0,0.3032086583273534,0
4809,0,0.1291900464724062,0
4810,0,0.07643597740782095,0
4811,0,0.1490390896598228,0
4812,0,0.04406171840212054,0
4813,0,0.1322674462820847,0
4814,0,0.0893575647020611,0
4815,0,0.09397706448071959,0
4816,0,0.5720250284383132,1
4817,0,0.15396029951107387,0
4818,0,0.04358262687354596,0
4819,0,0.12694838917914744,0
4820,0,0.057673560122463434,0
4821,0,0.1362276906806584,0
4822,0,0.12271725990956037,0
4823,0,0.17575208138493556,0
4824,0,0.3332945019647862,0
4825,0,0.08667705117583598,0
4826,0,0.08064841440509365,0
4827,0,0.11405544407597448,0
4828,0,0.040046541518872734,0
4829,0,0.08232099423962089,0
4830,0,0.08000637125170253,0
4831,0,0.15544103814411844,0
4832,0,0.08508748950165837,0
4833,0,0.06906846594731983,0
4834,0,0.06983427254192896,0
4835,0,0.061714165470034776,0
4836,0,0.07767514523638573,0
4837,0,0.0927697569111627,0
4838,1,0.4104145240854901,0
4839,0,0.16832382585676664,0
4840,1,0.9958475791226395,1
4841,0,0.29813977851350254,0
4842,0,0.09146498075108984,0
4843,0,0.09330069295570163,0
4844,0,0.09419271627039164,0
4845,0,0.10669803864373537,0
4846,1,0.7120338051602175,1
4847,0,0.15804466495337643,0
4848,0,0.04276463797430692,0
4849,0,0.08379934671579549,0
4850,0,0.2636061115236456,0
4851,0,0.1348192956808731,0
4852,0,0.1280785400198985,0
4853,0,0.17616227069062262,0
4854,0,0.049719851127696245,0
4855,1,0.09154425380709885,0
4856,0,0.08917383384206944,0
4857,0,0.20228097660034325,0
4858,1,0.25223211722532696,0
4859,0,0.08992784609056612,0
4860,0,0.08455862491309452,0
4861,0,0.08024799868280523,0
4862,0,0.20355321478633698,0
4863,0,0.16472600777259305,0
4864,0,0.12392170545121448,0
4865,0,0.17409147221141755,0
4866,0,0.12693909208080903,0
4867,0,0.15200355570887708,0
4868,0,0.13377195283486498,0
4869,0,0.06985604820482384,0
4870,0,0.12856614985083828,0
4871,0,0.11078088426690985,0
4872,0,0.14149143140012233,0
4873,0,0.24674520955952847,0
4874,0,0.3473833946971086,0
4875,0,0.06349091129247329,0
4876,0,0.16689532605747678,0
4877,0,0.21488657307348438,0
4878,1,0.1607763006223244,0
4879,0,0.2182245987967651,0
4880,1,0.22215740214645846,0
4881,0,0.034280881981850704,0
4882,1,0.46575461937982787,0
4883,0,0.11322900122624557,0
4884,1,0.10291446607610011,0
4885,0,0.1734508252534543,0
4886,0,0.12268543215119135,0
4887,0,0.25652283708451057,0
4888,0,0.13314364998811612,0
4889,0,0.12119950548755175,0
4890,0,0.16487927191338514,0
4891,0,0.15339703028539448,0
4892,0,0.23332962719833067,0
4893,0,0.07154987781312731,0
4894,0,0.48286308893217467,0
4895,0,0.2576214644390542,0
4896,0,0.1861339825464833,0
4897,0,0.07527905171052106,0
4898,1,0.10725906192269884,0
4899,0,0.5367187334695361,1
4900,0,0.0931640704345524,0
4901,0,0.11426084196858788,0
4902,0,0.3074498459449046,0
4903,0,0.13436137876270945,0
4904,0,0.05584483193757703,0
4905,0,0.06658767941129651,0
4906,0,0.08516890533230297,0
4907,0,0.16528309355643997,0
4908,0,0.04471830710591025,0
4909,0,0.19282840680290483,0
4910,0,0.14196727150920585,0
4911,0,0.17459778391778139,0
4912,1,0.18034622218277904,0
4913,0,0.19640508387345743,0
4914,0,0.16719984868978355,0
4915,1,0.2602537310466981,0
4916,0,0.3527121054303001,0
4917,1,0.5607634631502445,1
4918,0,0.1324720357378793,0
4919,0,0.14859465873520492,0
4920,0,0.12733633845095607,0
4921,0,0.11052710486896672,0
4922,0,0.2829732878976895,0
4923,0,0.2559921233190298,0
4924,1,0.18648358112849744,0
4925,0,0.15842150472469915,0
4926,1,0.9610597345266492,1
4927,0,0.11454511169349685,0
4928,0,0.1435474884787675,0
4929,0,0.05073414434043114,0
4930,0,0.465384883889709,0
4931,0,0.06660235093210111,0
4932,0,0.2232698035867445,0
4933,0,0.14776345874814772,0
4934,0,0.12537243738979068,0
4935,1,0.7286130604449371,1
4936,1,0.7695696039965783,1
4937,0,0.08414080965178032,0
4938,0,0.05546696217328397,0
4939,0,0.0945047424046883,0
4940,0,0.07694218618671982,0
4941,0,0.12662274126579254,0
4942,0,0.10167802111674305,0
4943,0,0.04648671699565758,0
4944,0,0.04757779543864352,0
4945,0,0.11046426487929491,0
4946,0,0.09331578487271353,0
4947,0,0.09854911598891876,0
4948,0,0.04104711329497638,0
4949,0,0.10609965234277584,0
4950,0,0.04575837053024135,0
4951,0,0.07880357261453631,0
4952,1,0.12793165144242313,0
4953,0,0.0806675407645498,0
4954,0,0.4564089080171726,0
4955,0,0.22105933652993925,0
4956,0,0.22494219902167462,0
4957,0,0.04810530907309748,0
4958,0,0.08191436616566602,0
4959,0,0.13466988597044843,0
4960,0,0.11010660385268978,0
4961,0,0.2651838144433832,0
4962,1,0.17206594073939413,0
4963,0,0.26860808262261054,0
4964,0,0.17660173272290783,0
4965,0,0.1343743032657781,0
4966,0,0.18044688590334182,0
4967,0,0.05580201410382758,0
4968,0,0.05487278795487943,0
4969,0,0.08356110910293627,0
4970,0,0.10537846734581963,0
4971,0,0.09375292318283329,0
4972,0,0.31116185841437216,0
4973,0,0.14333420368344738,0
4974,0,0.0996294299617604,0
4975,0,0.13540015725147556,0
4976,0,0.13177990648738316,0
4977,0,0.3949507095530563,0
4978,0,0.03416384642743673,0
4979,0,0.2462859708134043,0
4980,0,0.11922001146238854,0
4981,0,0.10177552122048393,0
4982,0,0.05528215959679031,0
4983,0,0.13781856122110883,0
4984,0,0.04712901767986606,0
4985,0,0.041813995632630094,0
4986,0,0.09310150348255963,0
4987,0,0.15715304514592968,0
4988,0,0.1831701150715226,0
4989,0,0.137613075218889,0
4990,0,0.1180720951085135,0
4991,0,0.37584724656287016,0
4992,0,0.26237725692140684,0
4993,0,0.5083290934048361,1
4994,0,0.2068244008444636,0
4995,0,0.5366457246099422,1
4996,0,0.1368394325453802,0
4997,0,0.06299666204263756,0
4998,0,0.1492131492267631,0
4999,0,0.09774658965359515,0
5000,0,0.1494056064560377,0
5001,0,0.0487904003533032,0
5002,0,0.05372588372069135,0
5003,0,0.07356515029026404,0
5004,0,0.16652056009361443,0
5005,1,0.02149628573179061,0
5006,0,0.4409053096579902,0
5007,1,0.10295572042547942,0
5008,1,0.2532843130816801,0
5009,0,0.23092325136322192,0
5010,0,0.1460842997764571,0
5011,0,0.06521647369849161,0
5012,0,0.07944449378547294,0
5013,0,0.10053555562111625,0
5014,1,0.8399619851602823,1
5015,0,0.11912634839111035,0
5016,0,0.29240263102746017,0
5017,0,0.19977237061028724,0
5018,0,0.379776542849757,0
5019,0,0.11259754775083562,0
5020,1,0.24779152152624542,0
5021,0,0.06726190904909009,0
5022,0,0.10347013124128426,0
5023,0,0.06164819109549163,0
5024,0,0.14197090161800063,0
5025,0,0.3984250190726836,0
5026,0,0.1262716851101373,0
5027,0,0.06875244363040149,0
5028,0,0.11213209865833666,0
5029,0,0.16430277018208442,0
5030,0,0.08032137191690662,0
5031,0,0.08152483408430923,0
5032,0,0.07908091646354622,0
5033,0,0.08326285017686655,0
5034,0,0.045517742762783,0
5035,0,0.10477035746641727,0
5036,0,0.15956589387358974,0
5037,0,0.11250635632876695,0
5038,0,0.04807683838277653,0
5039,0,0.08198596674551695,0
5040,1,0.31035643423916287,0
5041,0,0.08183534662180615,0
5042,0,0.10535336958523835,0
5043,0,0.3192710255759908,0
5044,0,0.1405399414521019,0
5045,0,0.19127834129107263,0
5046,1,0.5400399270090748,1
5047,1,0.5083060337399598,1
5048,0,0.049503886446241874,0
5049,0,0.08570590747413986,0
5050,0,0.08218761614408768,0
5051,0,0.17883483472250952,0
5052,0,0.10127989407309358,0
5053,1,0.3199801617599039,0
5054,0,0.17075254593490957,0
5055,0,0.18393856866677827,0
5056,0,0.22658890674646326,0
5057,0,0.47475480723101116,0
5058,0,0.09179631408096808,0
5059,0,0.14089450636170672,0
5060,0,0.07803355221878608,0
5061,0,0.3590628171863584,0
5062,1,0.050807500306927336,0
5063,0,0.24455962727985248,0
5064,0,0.23814973166576534,0
5065,0,0.2397080176077591,0
5066,0,0.051789778545781026,0
5067,0,0.1602620928157054,0
5068,1,0.3636036806372329,0
5069,0,0.09630873951175796,0
5070,0,0.09319919156546864,0
5071,0,0.3378796417323426,0
5072,0,0.1905889145078388,0
5073,0,0.23152050916977912,0
5074,0,0.07977853102549849,0
5075,0,0.07142372815967098,0
5076,0,0.08505869689421616,0
5077,1,0.34705680904936814,0
5078,0,0.05414273591278138,0
5079,0,0.4270068519492532,0
5080,0,0.3832011045208158,0
5081,0,0.16242732206214827,0
5082,0,0.22019981428786684,0
5083,0,0.08119878743005184,0
5084,0,0.33254269180591944,0
5085,0,0.519292142377283,1
5086,0,0.1144527650537093,0
5087,0,0.13310781883052722,0
5088,0,0.19750237844234814,0
5089,0,0.05273035378307342,0
5090,0,0.27936098318652264,0
5091,0,0.2869979435487713,0
5092,0,0.21243138239223458,0
5093,1,0.9673291112628506,1
5094,0,0.06632425574847003,0
5095,0,0.3244723635162939,0
5096,0,0.1424154323824926,0
5097,0,0.25057990478685777,0
5098,0,0.12737338225649833,0
5099,0,0.2841303067545946,0
5100,0,0.1205545737653545,0
5101,0,0.15815195737759274,0
5102,0,0.13026047587107223,0
5103,1,0.061625624667859986,0
5104,0,0.31312621651680156,0
5105,0,0.17023237267160543,0
5106,0,0.04625394023528162,0
5107,0,0.0779480875360527,0
5108,0,0.053087498280511354,0
5109,0,0.09543798681902914,0
5110,0,0.17459692653695524,0
5111,0,0.10632801741712428,0
5112,1,0.20371197208295833,0
5113,0,0.13528458349656133,0
5114,0,0.17320201024987716,0
5115,0,0.23667064687540518,0
5116,0,0.37711189457293487,0
5117,1,0.16590584818376394,0
5118,0,0.18411468106884366,0
5119,0,0.12770114459660956,0
5120,0,0.10271756310142317,0
5121,0,0.4027336660060475,0
5122,0,0.11904499067741793,0
5123,0,0.10714044036496481,0
5124,0,0.16455434537939118,0
5125,1,0.10445247134604879,0
5126,0,0.13491650254426643,0
5127,0,0.1557281806993363,0
5128,0,0.25561733416657806,0
5129,1,0.3104416297386149,0
5130,0,0.03475378713808496,0
5131,0,0.0714091901509055,0
5132,0,0.09377992258986048,0
5133,0,0.07671370760986666,0
5134,0,0.15107546297599525,0
5135,0,0.061317533518487684,0
5136,0,0.17679677100286284,0
5137,0,0.09419826290760253,0
5138,0,0.15767404985013458,0
5139,0,0.1415988898259649,0
5140,0,0.12152373205743226,0
5141,0,0.1577951350076394,0
5142,0,0.10789729741960809,0
5143,0,0.36352572906792063,0
5144,0,0.06344857017079127,0
5145,0,0.058089943750828765,0
5146,0,0.0756239212991569,0
5147,0,0.1670533115533635,0
5148,0,0.12528282239678878,0
5149,0,0.22554509171829498,0
5150,0,0.2635285689916345,0
5151,0,0.05752172976031976,0
5152,1,0.05655813738833036,0
5153,0,0.385853134144107,0
5154,0,0.08425148329733921,0
5155,1,0.44957682188225834,0
5156,1,0.7702789098760942,1
5157,0,0.08289616090064617,0
5158,0,0.10421466096660485,0
5159,0,0.15611813039576877,0
5160,0,0.05248815092816307,0
5161,1,0.310253914444636,0
5162,1,0.7389790789959406,1
5163,1,0.04438488368124487,0
5164,0,0.0642318819608219,0
5165,0,0.12687720981103964,0
5166,0,0.09405277744191576,0
5167,0,0.13797646790750812,0
5168,0,0.29730307156746166,0
5169,0,0.06542568575417207,0
5170,0,0.06119001024661475,0
5171,0,0.1152065031243429,0
5172,0,0.08732562188108013,0
5173,0,0.24661749057602766,0
5174,0,0.07781209224798359,0
5175,0,0.05044963414897971,0
5176,0,0.07349465366335976,0
5177,0,0.26284954405807637,0
5178,0,0.07154143933314781,0
5179,0,0.11230745886125748,0
5180,0,0.0684673232546773,0
5181,0,0.23590603668028512,0
5182,1,0.9110917910649772,1
5183,0,0.15008388711993575,0
5184,0,0.26323544103410945,0
5185,0,0.17633868291882213,0
5186,0,0.18397276028436346,0
5187,0,0.18600911677598517,0
5188,1,0.29018957374140597,0
5189,0,0.3517374861666255,0
5190,0,0.2504004584265711,0
5191,0,0.11320660063313844,0
5192,0,0.1256415926373011,0
5193,0,0.25732948262833794,0
5194,0,0.23568018270218963,0
5195,0,0.4176650360199266,0
5196,1,0.7505180944368911,1
5197,1,0.9375740875740284,1
5198,0,0.2094617523872412,0
5199,0,0.05606373280634881,0
5200,0,0.12230924160858413,0
5201,0,0.2838167701502542,0
5202,0,0.03433963201963664,0
5203,0,0.05924187354076373,0
5204,1,0.26869083072191213,0
5205,1,0.814027260181024,1
5206,0,0.171474773546533,0
5207,1,0.313349122699076,0
5208,0,0.3136160704487345,0
5209,0,0.05208671114607933,0
5210,0,0.2826884221880236,0
5211,0,0.46191548484473055,0
5212,0,0.22660016756383541,0
5213,0,0.18081370835426605,0
5214,0,0.04966287713115287,0
5215,0,0.11321227593367404,0
5216,0,0.06494541382836586,0
5217,0,0.08929124986603666,0
5218,0,0.12078036633899496,0
5219,0,0.14561744842444435,0
5220,0,0.12670535565757274,0
5221,0,0.16124146103084772,0
5222,1,0.5645117552228949,1
5223,0,0.24572225888318958,0
5224,0,0.17917521760560268,0
5225,0,0.07046714461698929,0
5226,0,0.12631586419549057,0
5227,0,0.2658293698500043,0
5228,0,0.07997823192482982,0
5229,0,0.15290868980878056,0
5230,0,0.13266583112834315,0
5231,0,0.042030111512189494,0
5232,1,0.03946088311020676,0
5233,0,0.17062196660242884,0
5234,0,0.14661323317417313,0
5235,0,0.12308931047132772,0
5236,0,0.1601578147862022,0
5237,0,0.2541796568821906,0
5238,0,0.17774235482062847,0
5239,0,0.05930249700591303,0
5240,0,0.05442957439373366,0
5241,0,0.11767151506305505,0
5242,0,0.07882368072396452,0
5243,0,0.45321165185203327,0
5244,0,0.22550319143559644,0
5245,0,0.09363229565384727,0
5246,0,0.5387733476204731,1
5247,0,0.16136922007401175,0
5248,0,0.16908102729579833,0
5249,1,0.1041200428366748,0
5250,0,0.04073989380018041,0
5251,0,0.3361552020747026,0
5252,0,0.1567132352926113,0
5253,0,0.14562298216356961,0
5254,0,0.18340615350259393,0
5255,0,0.07078952121698075,0
5256,0,0.3197794718905442,0
5257,0,0.1379866396669931,0
5258,0,0.17391778454858112,0
5259,0,0.060563964909616096,0
5260,0,0.4329481812307777,0
5261,0,0.11144472628459028,0
5262,0,0.20326553792543883,0
5263,1,0.196321912963042,0
5264,0,0.08972649809088347,0
5265,0,0.13724030249958072,0
5266,0,0.037786909193164554,0
5267,0,0.07791607998653734,0
5268,0,0.20173908780652533,0
5269,1,0.16934393276370918,0
5270,0,0.21953159536270817,0
5271,0,0.0828084177948163,0
5272,0,0.14115196201667646,0
5273,0,0.15425046556232666,0
5274,0,0.09722500292206583,0
5275,0,0.12768117525349068,0
5276,0,0.058098694486953505,0
5277,0,0.15016932234058705,0
5278,0,0.19734639835322398,0
5279,0,0.20414377927423805,0
5280,0,0.04179152028233698,0
5281,0,0.1794336457614125,0
5282,0,0.09908219140516836,0
5283,1,0.940711609108911,1
5284,0,0.11985173524297485,0
5285,0,0.2725253412558353,0
5286,0,0.07275929159564355,0
5287,0,0.050480776602219994,0
5288,0,0.06330345592420658,0
5289,0,0.1552405843475933,0
5290,0,0.08101142989511743,0
5291,1,0.9645909768152432,1
5292,1,0.19604777153551406,0
5293,1,0.9557330578033006,1
5294,1,0.8439473413376801,1
5295,0,0.1745145277392209,0
5296,0,0.09816957395441563,0
5297,0,0.12336284158442336,0
5298,0,0.0829003159448174,0
5299,0,0.10732291378806284,0
5300,0,0.5992460798053632,1
5301,0,0.202251334188006,0
5302,1,0.37560719784945185,0
5303,0,0.496498830257826,0
5304,0,0.11695059780575684,0
5305,0,0.050024611072107115,0
5306,0,0.17588290957947877,0
5307,0,0.22659462361579025,0
5308,1,0.1448623822138821,0
5309,0,0.08783008566297472,0
5310,0,0.1997696384138083,0
5311,0,0.12000255793714373,0
5312,0,0.11354895215602386,0
5313,0,0.08520853476681037,0
5314,0,0.16552227181503948,0
5315,0,0.10920511660424424,0
5316,0,0.11138913968073529,0
5317,0,0.19706675611389662,0
5318,1,0.7872381200209322,1
5319,0,0.0815756635583101,0
5320,0,0.10532796382809757,0
5321,0,0.59921610630867,1
5322,0,0.12004477438300747,0
5323,0,0.08886112633358267,0
5324,0,0.11409375274059273,0
5325,0,0.0522923612797873,0
5326,0,0.13424322793948196,0
5327,0,0.1558115025951466,0
5328,0,0.1743797502881488,0
5329,1,0.280774056961021,0
5330,1,0.9772307631958267,1
5331,1,0.1902177537603991,0
5332,1,0.8614131841651996,1
5333,0,0.1166622809195726,0
5334,0,0.11072979560768673,0
5335,0,0.1895578185165667,0
5336,0,0.05882465953635905,0
5337,1,0.13370124728856456,0
5338,0,0.13206958061056115,0
5339,0,0.05945081383240744,0
5340,0,0.13792658112304354,0
5341,0,0.18069330682677395,0
5342,1,0.16138877240599236,0
5343,1,0.7832809235193307,1
5344,0,0.13189970067608311,0
5345,0,0.08348980053429149,0
5346,0,0.10862864971143486,0
5347,0,0.14509348658978197,0
5348,0,0.16778411095516105,0
5349,1,0.49117565235717836,0
5350,0,0.22266936739200474,0
5351,0,0.10104405858824439,0
5352,0,0.2029718698442541,0
5353,0,0.28242493808845687,0
5354,0,0.19577798340980523,0
5355,0,0.40430650836307225,0
5356,0,0.1734496243988281,0
5357,0,0.11319351295904637,0
5358,0,0.11895818442976573,0
5359,0,0.15720011742535997,0
5360,0,0.08997493047390766,0
5361,0,0.1393286723395189,0
5362,0,0.21009811253940078,0
5363,0,0.2136125691887434,0
5364,0,0.18909614068013245,0
5365,1,0.9855936888311048,1
5366,0,0.15195784176269797,0
5367,0,0.12946433329867682,0
5368,0,0.06564212391095228,0
5369,0,0.20879754139475268,0
5370,0,0.07359376451811786,0
5371,0,0.19077898669600638,0
5372,0,0.17225320345647746,0
5373,0,0.0534841311593762,0
5374,0,0.12774109816799467,0
5375,0,0.13769546451990058,0
5376,1,0.14957846524331128,0
5377,0,0.1220674386311789,0
5378,0,0.19233288464234427,0
5379,0,0.18432939939844795,0
5380,0,0.07850367418180222,0
5381,0,0.13455058919131196,0
5382,1,0.9398458583660474,1
5383,0,0.24489926425692812,0
5384,0,0.13225251968597565,0
5385,1,0.41918987273494845,0
5386,0,0.14164119131289982,0
5387,0,0.1511154150428356,0
5388,1,0.3464320966267413,0
5389,0,0.17302638089017086,0
5390,0,0.1551921840241818,0
5391,0,0.5263453276881801,1
5392,0,0.1930470677599455,0
5393,0,0.06153738340457537,0
5394,0,0.09779403665182973,0
5395,0,0.17540888282367492,0
5396,0,0.18989706297139416,0
5397,0,0.19683641656830783,0
5398,1,0.23420780487282986,0
5399,0,0.07017642640929879,0
5400,0,0.08813096919170238,0
5401,0,0.1509260283562753,0
5402,0,0.10739274145375058,0
5403,0,0.12199123120322161,0
5404,0,0.19665502751534347,0
5405,0,0.07956710874774497,0
5406,1,0.7032106444837193,1
5407,1,0.9508346027063018,1
5408,1,0.4724720169098926,0
5409,1,0.43958262830191436,0
5410,0,0.12734211353513283,0
5411,0,0.19465841151476507,0
5412,0,0.06080197244597878,0
5413,0,0.18964417672250758,0
5414,0,0.12626963872284597,0
5415,0,0.5663136156030548,1
5416,0,0.1170235861675809,0
5417,1,0.9909038310949134,1
5418,0,0.14644164419787334,0
5419,0,0.1934765535100439,0
5420,0,0.6327763476157832,1
5421,0,0.47986724786636514,0
5422,0,0.17060482018355974,0
5423,0,0.15819183134057413,0
5424,0,0.05021215144810516,0
5425,0,0.13543227574790528,0
5426,0,0.07027962487710342,0
5427,0,0.20103378381197545,0
5428,0,0.13875520887401688,0
5429,0,0.07360531201651023,0
5430,0,0.11909183823441176,0
5431,0,0.12627559287132148,0
5432,0,0.07338919954750797,0
5433,1,0.9465382398933173,1
5434,0,0.1453013008721967,0
5435,0,0.3810228768219276,0
5436,1,0.6765693084752384,1
5437,0,0.06705156658226774,0
5438,0,0.178045742834568,0
5439,0,0.10567995730684165,0
5440,0,0.18481468147016125,0
5441,0,0.11354464405868496,0
5442,0,0.1258372786126423,0
5443,0,0.10295847839697876,0
5444,0,0.30026475482342496,0
5445,0,0.14955147980448352,0
5446,0,0.18172465952631867,0
5447,1,0.14170612565254656,0
5448,0,0.06180758610456744,0
5449,0,0.06320801854479716,0
5450,0,0.1504854649656437,0
5451,0,0.14173813866677262,0
5452,0,0.13265261012216328,0
5453,0,0.15033557806274708,0
5454,1,0.32375393124450347,0
5455,0,0.2111798292747202,0
5456,0,0.1067587166585541,0
5457,0,0.16195561719832494,0
5458,0,0.09711852511488522,0
5459,0,0.2160115745134079,0
5460,0,0.22841740631446136,0
5461,0,0.037851128256899826,0
5462,0,0.13071773647969384,0
5463,0,0.06953318361544256,0
5464,0,0.14436102836974862,0
5465,0,0.12034321771177067,0
5466,0,0.13394192585825895,0
5467,0,0.14100871654474853,0
5468,0,0.08297860090617783,0
5469,1,0.44456773257010035,0
5470,0,0.1284020758641022,0
5471,0,0.19191779765373812,0
5472,0,0.14978536080060004,0
5473,0,0.18556904038777572,0
5474,0,0.2638316265292102,0
5475,0,0.12081406580818363,0
5476,1,0.21983324881881047,0
5477,0,0.10825987581679829,0
5478,0,0.03419593006620965,0
5479,0,0.10906032510838765,0
5480,0,0.5023499201040982,1
5481,1,0.25882667517582253,0
5482,0,0.4565715781849913,0
5483,1,0.3565002026135409,0
5484,0,0.16030330647767493,0
5485,0,0.10901185821559711,0
5486,0,0.11161153556107303,0
5487,0,0.08478019239546994,0
5488,0,0.12410082100405262,0
5489,0,0.22954762257644343,0
5490,1,0.9507589816607152,1
5491,0,0.13007055377279392,0
5492,0,0.1286068567823758,0
5493,0,0.12505499482324525,0
5494,1,0.5475572214792522,1
5495,0,0.2172899061454782,0
5496,0,0.1617120311472853,0
5497,0,0.43445441004314805,0
5498,0,0.13637268580781356,0
5499,0,0.21510938477724734,0
5500,0,0.05146231807289904,0
5501,0,0.1243045991090293,0
5502,0,0.021944293328128178,0
5503,0,0.12340083330053234,0
5504,0,0.1112751072148243,0
5505,0,0.14125308434440623,0
5506,0,0.08027887442920452,0
5507,0,0.16490544934247525,0
5508,0,0.12330026602780467,0
5509,0,0.04565020859566913,0
5510,0,0.21823898371421221,0
5511,0,0.06630316911836344,0
5512,0,0.13012441696808388,0
5513,0,0.2685672063509,0
5514,0,0.1897649806823426,0
5515,0,0.45673956568608,0
5516,0,0.024522414506785686,0
5517,0,0.11173083843906804,0
5518,0,0.02814555354610635,0
5519,0,0.14716883450311233,0
5520,0,0.13351625212808735,0
5521,0,0.5203110394873851,1
5522,0,0.13947720660720073,0
5523,0,0.49128714329368833,0
5524,0,0.10328962267582491,0
5525,0,0.21085565461861797,0
5526,0,0.11982953292682118,0
5527,0,0.09666121977494802,0
5528,0,0.2744280408332822,0
5529,1,0.6168632194507034,1
5530,0,0.09469326526192447,0
5531,1,0.11339007999021376,0
5532,0,0.21768968215250215,0
5533,0,0.13274469897651234,0
5534,0,0.057301482039210615,0
5535,0,0.11258291124055218,0
5536,1,0.19716184226535638,0
5537,0,0.09229281630891839,0
5538,0,0.10940846901023484,0
5539,0,0.139058381510385,0
5540,0,0.3241439611978509,0
5541,0,0.30761856510197505,0
5542,0,0.272025551427336,0
5543,1,0.1250771592959113,0
5544,0,0.24210759281600933,0
5545,0,0.06674902998902531,0
5546,1,0.09261293027790543,0
5547,0,0.2052921689724422,0
5548,0,0.04661816168087354,0
5549,0,0.28978560029846545,0
5550,0,0.2418503504809038,0
5551,0,0.288744961511673,0
5552,0,0.049902670746858675,0
5553,0,0.24918284305723482,0
5554,0,0.1113915118490184,0
5555,0,0.09293057567474147,0
5556,0,0.22080676504089064,0
5557,0,0.25925314266249744,0
5558,0,0.2928213257223348,0
5559,0,0.0646496742699958,0
5560,0,0.2481708842411828,0
5561,0,0.056649548237115294,0
5562,0,0.05290826411644638,0
5563,1,0.11584858130078467,0
5564,0,0.12356412583760783,0
5565,0,0.04011896458595565,0
5566,0,0.2723061846018431,0
5567,0,0.18554832706476815,0
5568,1,0.06203585026344916,0
5569,0,0.16881862710981593,0
5570,0,0.1864719060324882,0
5571,0,0.1784043812853781,0
5572,0,0.2054862885929916,0
5573,0,0.1964704985732831,0
5574,0,0.19265218793993405,0
5575,0,0.11593711827506951,0
5576,0,0.11464839390033156,0
5577,0,0.10176753118933414,0
5578,0,0.07797632732819815,0
5579,0,0.22434113847708811,0
5580,0,0.04368425795918911,0
5581,0,0.05132435046314309,0
5582,0,0.11111251233278446,0
5583,1,0.1563520624447371,0
5584,0,0.21796812609210175,0
5585,0,0.11034501970391787,0
5586,0,0.047082061174904405,0
5587,1,0.13638454192684005,0
5588,0,0.1880921249329288,0
5589,0,0.19060876433888213,0
5590,0,0.1055588852461309,0
5591,0,0.21683875926368648,0
5592,1,0.25902882987010273,0
5593,1,0.12689912421726351,0
5594,0,0.07405770393588981,0
5595,1,0.12836943967301295,0
5596,0,0.2415796462202643,0
5597,0,0.05147513099753384,0
5598,0,0.09723418390157623,0
5599,0,0.05417086237057684,0
5600,1,0.9992838162566935,1
5601,0,0.2786884353382097,0
5602,0,0.09123784390115211,0
5603,0,0.1598336190464284,0
5604,0,0.0697358878272351,0
5605,0,0.121447246826856,0
5606,0,0.11601583069941172,0
5607,0,0.06174139683350433,0
5608,0,0.19657146609143736,0
5609,0,0.2348249289698982,0
5610,0,0.09483636005612456,0
5611,0,0.05374695613219231,0
5612,0,0.12333322187218189,0
5613,0,0.1716187713547896,0
5614,1,0.7736083874705119,1
5615,1,0.8373829844706707,1
5616,1,0.2575874637789866,0
5617,0,0.29952106815679225,0
5618,1,0.4527233732467574,0
5619,0,0.05921192258322946,0
5620,0,0.05829426787512512,0
5621,0,0.1221353682124393,0
5622,0,0.2711451910789538,0
5623,0,0.08074008345741462,0
5624,0,0.12459145437215607,0
5625,0,0.2777845618556048,0
5626,0,0.2700517161706714,0
5627,0,0.06618555686399055,0
5628,0,0.16570094970823354,0
5629,0,0.12357867946872383,0
5630,1,0.08091454950463071,0
5631,0,0.07907469758009757,0
5632,1,0.21951398593462937,0
5633,1,0.6239720775311381,1
5634,1,0.21712017107654927,0
5635,0,0.05008759464113528,0
5636,0,0.20269347999973103,0
5637,0,0.050570981787571585,0
5638,0,0.19131288314964673,0
5639,1,0.1613980997255987,0
5640,1,0.08749206457556764,0
5641,0,0.1492618935080256,0
5642,0,0.20235373949042618,0
5643,1,0.009487822870345804,0
5644,0,0.06562407281763591,0
5645,0,0.12131191481803545,0
5646,1,0.9616961999967948,1
5647,0,0.07229788801164616,0
5648,1,0.19760114597414852,0
5649,0,0.1416690372533501,0
5650,0,0.11691133497463937,0
5651,0,0.08720888464015043,0
5652,1,0.4897303725056496,0
5653,0,0.13538722432020817,0
5654,0,0.13065722049956852,0
5655,0,0.21424781227866657,0
5656,0,0.1006210155274831,0
5657,1,0.07109838595280797,0
5658,0,0.1667325609915616,0
5659,0,0.044939505473779916,0
5660,0,0.07393370002479163,0
5661,1,0.7965581492372835,1
5662,1,0.9909189655306917,1
5663,1,0.9190275464542104,1
5664,1,0.20237797776398783,0
5665,1,0.5059499009350599,1
5666,1,0.10758784386414517,0
5667,1,0.17706953698361869,0
5668,0,0.1241715391971816,0
5669,0,0.0909681517470747,0
5670,0,0.21994842416392585,0
5671,0,0.08501358105386742,0
5672,0,0.061778372356876596,0
5673,0,0.11639317696879287,0
5674,1,0.9992745182697432,1
5675,0,0.13309827701979002,0
5676,0,0.11182728792084473,0
5677,0,0.1263418516238674,0
5678,0,0.1168796044652545,0
5679,0,0.013286906592215524,0
5680,0,0.096187672707836,0
5681,0,0.12959163743135507,0
5682,0,0.025688403373773375,0
5683,0,0.08519407722744873,0
5684,0,0.16765815319841312,0
5685,0,0.013630848735322797,0
5686,0,0.1200935278697936,0
5687,0,0.012163310885665114,0
5688,1,0.15844466033228838,0
5689,0,0.11222208844294615,0
5690,0,0.11589699615661221,0
5691,0,0.1256071558585292,0
5692,0,0.22932837427454944,0
5693,0,0.11034170748631637,0
5694,1,0.3111121690117082,0
5695,0,0.29202222533561617,0
5696,0,0.13510105740010925,0
5697,1,0.07695390204865835,0
5698,0,0.11266614643465073,0
5699,0,0.8356860191546586,1
5700,0,0.31195397995276936,0
5701,0,0.7471872604696189,1
5702,0,0.8218869609450609,1
5703,0,0.11368092205426952,0
5704,1,0.29518952185522884,0
5705,0,0.10673885841183176,0
5706,0,0.015667903260720092,0
5707,1,0.14136213280059534,0
5708,1,0.1703267460799656,0
5709,1,0.783580531386597,1
5710,0,0.013972277515815004,0
5711,0,0.12845954364004647,0
5712,1,0.019457663810416023,0
5713,0,0.11900964868082148,0
5714,1,0.2708622388637937,0
5715,1,0.17250371963774572,0
5716,1,0.2098986250222134,0
5717,0,0.14817590955184126,0
5718,0,0.16846582817257472,0
5719,0,0.7971852326174256,1
5720,0,0.11197859033608532,0
5721,0,0.1485082077453164,0
5722,0,0.11102387800135399,0
5723,0,0.1464525512356705,0
5724,1,0.12895141492743603,0
5725,0,0.012609018266219569,0
5726,0,0.15643479579108316,0
5727,0,0.016455865410691453,0
5728,0,0.09605610459624135,0
5729,0,0.12359641895810586,0
5730,0,0.011704623499751281,0
5731,0,0.016400950623321166,0
5732,1,0.019764523220975185,0
5733,0,0.01315216316686138,0
5734,0,0.33373543358554447,0
5735,0,0.01439741710318611,0
5736,0,0.2931926092569891,0
5737,0,0.14285482635511554,0
5738,0,0.11972881050736059,0
5739,0,0.015748574943220857,0
5740,0,0.013714824548058464,0
5741,0,0.11790381289198142,0
5742,1,0.13137294971960978,0
5743,0,0.10970461275722664,0
5744,0,0.11424638413488865,0
5745,0,0.11875194774590102,0
5746,0,0.6764545016882831,1
5747,1,0.23010368534078762,0
5748,1,0.12453984817674343,0
5749,0,0.7263295790136782,1
5750,0,0.11694512057144778,0
5751,0,0.7894819692939224,1
5752,0,0.6801238937158914,1
5753,1,0.14319919331386025,0
5754,0,0.016618500082192143,0
5755,0,0.8339020266418502,1
5756,0,0.01733246542717377,0
5757,0,0.7576291402663642,1
5758,0,0.013087608625885667,0
5759,0,0.13284496339000115,0
5760,0,0.6928303813425343,1
5761,1,0.476653513532989,0
5762,1,0.2989929319784911,0
5763,0,0.6877158869840367,1
5764,0,0.16773795756831428,0
5765,1,0.2230617796934532,0
5766,0,0.7195008694090268,1
5767,0,0.3317320229762282,0
5768,1,0.23970049199416854,0
5769,0,0.04902185511412363,0
5770,0,0.23542471388673603,0
5771,1,0.2620714273255412,0
5772,0,0.24382730081717224,0
5773,0,0.12137712216124585,0
5774,1,0.8911833761759208,1
5775,1,0.23921201828585575,0
5776,0,0.04518897514091333,0
5777,0,0.12573730077402484,0
5778,1,0.16430320882514435,0
5779,0,0.12716217174718722,0
5780,0,0.04668533351458932,0
5781,0,0.2360298833041701,0
5782,1,0.14099268730118666,0
5783,0,0.1202064604670655,0
5784,1,0.25386248384932625,0
5785,1,0.10160879215445325,0
5786,0,0.1529414678326251,0
5787,0,0.1605778490382508,0
5788,0,0.042072193073661966,0
5789,0,0.21694494207666992,0
5790,0,0.05000524854331404,0
5791,0,0.14624472825623144,0
5792,0,0.03691930364258596,0
5793,0,0.26938134740280684,0
5794,1,0.24248682114200237,0
5795,0,0.23428813443103985,0
5796,0,0.1301437802648474,0
5797,0,0.23440924620822914,0
5798,0,0.17560569190882677,0
5799,0,0.1804597337073825,0
5800,0,0.07767721320175812,0
5801,0,0.17565936631471707,0
5802,0,0.1192632462558373,0
5803,0,0.11257972331813687,0
5804,1,0.7565763894945808,1
5805,1,0.10351460489809275,0
5806,0,0.16485458603275535,0
5807,0,0.1636652592281361,0
5808,0,0.12486675139299556,0
5809,1,0.3014599110867439,0
5810,1,0.5055489082633357,1
5811,1,0.25997211254045344,0
5812,1,0.37310913545179436,0
5813,0,0.03699186622232323,0
5814,0,0.1105974571772885,0
5815,0,0.34007930187507895,0
5816,0,0.0925123756059994,0
5817,1,0.997767214801838,1
5818,1,0.26435298845874533,0
5819,1,0.30870264268775033,0
5820,1,0.9579076150009415,1
5821,1,0.1834211601275535,0
5822,1,0.0953011969947004,0
5823,1,0.1663597355802107,0
5824,0,0.08730016723927939,0
5825,0,0.017148151370677035,0
5826,0,0.1714003128756459,0
5827,1,0.38593587301857435,0
5828,0,0.017922230594707957,0
5829,1,0.27176060925085194,0
5830,1,0.2088076605990265,0
5831,0,0.14317990511711007,0
5832,0,0.016567784656738364,0
5833,0,0.42932475954011495,0
5834,1,0.4068333694392583,0
5835,0,0.16604902364396745,0
5836,0,0.23728997305604269,0
5837,0,0.15071511431435233,0
5838,1,0.1895121799115929,0
5839,0,0.09528040665571476,0
5840,0,0.05400672951683819,0
5841,0,0.06427644641633194,0
5842,0,0.3762078579288376,0
5843,0,0.15985991132695068,0
5844,0,0.017721355596742466,0
5845,0,0.01502624804943281,0
5846,0,0.1470296212403161,0
5847,0,0.37346273815737024,0
5848,0,0.1890059199746074,0
5849,0,0.08291981362982352,0
5850,0,0.41360852564484013,0
5851,0,0.10388131172177464,0
5852,0,0.07062512144411703,0
5853,0,0.11047486160252196,0
5854,0,0.08074624053258103,0
5855,0,0.019434343340233404,0
5856,0,0.16264142752550467,0
5857,0,0.2566687679173847,0
5858,0,0.12873494127388968,0
5859,0,0.09885987205547903,0
5860,0,0.0921576215297465,0
5861,0,0.3064050310121028,0
5862,0,0.06527511203959323,0
5863,0,0.018660752020676956,0
5864,0,0.14745339761939094,0
5865,0,0.06554530328405672,0
5866,0,0.032353372411355545,0
5867,0,0.41837609827468414,0
5868,0,0.4661600135009728,0
5869,0,0.06294935044440654,0
5870,0,0.24189907063657165,0
5871,0,0.2139957558285168,0
5872,0,0.08246940582643669,0
5873,0,0.12336335017714256,0
5874,0,0.06310283566804553,0
5875,1,0.2549332091522045,0
5876,0,0.10542606229145582,0
5877,1,0.5069493392918496,1
5878,1,0.470101396541222,0
5879,0,0.42673049754600634,0
5880,0,0.48502357551652947,0
5881,0,0.01731008916393147,0
5882,0,0.4890441442631548,0
5883,1,0.28739624044988005,0
5884,0,0.057159294484323636,0
5885,0,0.01680432429720329,0
5886,0,0.11674536040048415,0
5887,1,0.11406430575264002,0
5888,0,0.16254959465091545,0
5889,0,0.12572684740244267,0
5890,0,0.11592775792002606,0
5891,0,0.11359726491206792,0
5892,0,0.0548591493805083,0
5893,0,0.12391989434504626,0
5894,0,0.11299315631914819,0
5895,0,0.11305276071070466,0
5896,0,0.13528463094642687,0
5897,1,0.682404985519069,1
5898,0,0.053866402165255005,0
5899,0,0.11075741341816882,0
5900,0,0.11478357149841403,0
5901,1,0.08100946433471712,0
5902,0,0.05779203235980084,0
5903,0,0.06162986372505246,0
5904,0,0.0678829264763467,0
5905,1,0.19747627557609865,0
5906,0,0.24404638548099186,0
5907,0,0.2888083231120596,0
5908,0,0.21173640004347072,0
5909,0,0.36930134640804296,0
5910,0,0.1954715401402097,0
5911,0,0.1932341682457503,0
5912,0,0.3459041660218456,0
5913,1,0.9873535244326557,1
5914,0,0.32847795805698476,0
5915,0,0.1888003135215678,0
5916,0,0.32726371224033696,0
5917,0,0.1793860472259698,0
5918,0,0.18909125773309785,0
5919,0,0.19589471567458644,0
5920,0,0.11450232236918434,0
5921,0,0.07366445505628566,0
5922,0,0.0784346808546387,0
5923,0,0.09177062797822783,0
5924,0,0.07090637518002432,0
5925,0,0.07421201305941076,0
5926,0,0.06608774190462449,0
5927,0,0.07442048437434445,0
5928,0,0.07403325485759978,0
5929,0,0.07962343972017615,0
5930,0,0.07193374748465119,0
5931,1,0.3581559053218473,0
5932,1,0.4587446125875696,0
5933,1,0.12820641610465472,0
5934,1,0.7206302435468969,1
5935,1,0.6804073075606352,1
5936,0,0.2256712304813999,0
5937,0,0.11497888105976309,0
5938,0,0.19409657949904865,0
5939,0,0.1944232070440519,0
5940,0,0.19854534920327452,0
5941,0,0.20270737064144198,0
5942,0,0.211535162796456,0
5943,0,0.12040708247555759,0
5944,0,0.11816686786583439,0
5945,0,0.11593019308552488,0
5946,0,0.10677173876482768,0
5947,0,0.10346092554065588,0
5948,0,0.19445313773808115,0
5949,0,0.080803060271344,0
5950,0,0.08723796114533822,0
5951,0,0.0859995157295436,0
5952,0,0.09860804796440119,0
5953,0,0.08157178393970858,0
5954,0,0.07568310125727826,0
5955,0,0.15821847904882674,0
5956,0,0.08382024230671607,0
5957,0,0.08826807504666476,0
5958,0,0.08596472455699761,0
5959,0,0.07857210813706436,0
5960,0,0.07661948426558388,0
